BEGIN;
CREATE TABLE symbol(
  id INTEGER PRIMARY KEY,
  name TEXT NOT NULL,
  isTerminal BOOLEAN NOT NULL,
  fallback INTEGER REFERENCES symbol DEFERRABLE INITIALLY DEFERRED
);
INSERT INTO symbol(id,name,isTerminal,fallback)VALUES(0,'$',TRUE,NULL);
INSERT INTO symbol(id,name,isTerminal,fallback)VALUES(1,'SEMI',TRUE,NULL);
INSERT INTO symbol(id,name,isTerminal,fallback)VALUES(2,'EXPLAIN',TRUE,59);
INSERT INTO symbol(id,name,isTerminal,fallback)VALUES(3,'QUERY',TRUE,59);
INSERT INTO symbol(id,name,isTerminal,fallback)VALUES(4,'PLAN',TRUE,59);
INSERT INTO symbol(id,name,isTerminal,fallback)VALUES(5,'BEGIN',TRUE,59);
INSERT INTO symbol(id,name,isTerminal,fallback)VALUES(6,'TRANSACTION',TRUE,NULL);
INSERT INTO symbol(id,name,isTerminal,fallback)VALUES(7,'DEFERRED',TRUE,59);
INSERT INTO symbol(id,name,isTerminal,fallback)VALUES(8,'IMMEDIATE',TRUE,59);
INSERT INTO symbol(id,name,isTerminal,fallback)VALUES(9,'EXCLUSIVE',TRUE,59);
INSERT INTO symbol(id,name,isTerminal,fallback)VALUES(10,'COMMIT',TRUE,NULL);
INSERT INTO symbol(id,name,isTerminal,fallback)VALUES(11,'END',TRUE,59);
INSERT INTO symbol(id,name,isTerminal,fallback)VALUES(12,'ROLLBACK',TRUE,59);
INSERT INTO symbol(id,name,isTerminal,fallback)VALUES(13,'SAVEPOINT',TRUE,59);
INSERT INTO symbol(id,name,isTerminal,fallback)VALUES(14,'RELEASE',TRUE,59);
INSERT INTO symbol(id,name,isTerminal,fallback)VALUES(15,'TO',TRUE,NULL);
INSERT INTO symbol(id,name,isTerminal,fallback)VALUES(16,'TABLE',TRUE,NULL);
INSERT INTO symbol(id,name,isTerminal,fallback)VALUES(17,'CREATE',TRUE,NULL);
INSERT INTO symbol(id,name,isTerminal,fallback)VALUES(18,'IF',TRUE,59);
INSERT INTO symbol(id,name,isTerminal,fallback)VALUES(19,'NOT',TRUE,NULL);
INSERT INTO symbol(id,name,isTerminal,fallback)VALUES(20,'EXISTS',TRUE,NULL);
INSERT INTO symbol(id,name,isTerminal,fallback)VALUES(21,'TEMP',TRUE,59);
INSERT INTO symbol(id,name,isTerminal,fallback)VALUES(22,'LP',TRUE,NULL);
INSERT INTO symbol(id,name,isTerminal,fallback)VALUES(23,'RP',TRUE,NULL);
INSERT INTO symbol(id,name,isTerminal,fallback)VALUES(24,'AS',TRUE,NULL);
INSERT INTO symbol(id,name,isTerminal,fallback)VALUES(25,'COMMA',TRUE,NULL);
INSERT INTO symbol(id,name,isTerminal,fallback)VALUES(26,'WITHOUT',TRUE,59);
INSERT INTO symbol(id,name,isTerminal,fallback)VALUES(27,'ABORT',TRUE,59);
INSERT INTO symbol(id,name,isTerminal,fallback)VALUES(28,'ACTION',TRUE,59);
INSERT INTO symbol(id,name,isTerminal,fallback)VALUES(29,'AFTER',TRUE,59);
INSERT INTO symbol(id,name,isTerminal,fallback)VALUES(30,'ANALYZE',TRUE,59);
INSERT INTO symbol(id,name,isTerminal,fallback)VALUES(31,'ASC',TRUE,59);
INSERT INTO symbol(id,name,isTerminal,fallback)VALUES(32,'ATTACH',TRUE,59);
INSERT INTO symbol(id,name,isTerminal,fallback)VALUES(33,'BEFORE',TRUE,59);
INSERT INTO symbol(id,name,isTerminal,fallback)VALUES(34,'BY',TRUE,59);
INSERT INTO symbol(id,name,isTerminal,fallback)VALUES(35,'CASCADE',TRUE,59);
INSERT INTO symbol(id,name,isTerminal,fallback)VALUES(36,'CAST',TRUE,59);
INSERT INTO symbol(id,name,isTerminal,fallback)VALUES(37,'CONFLICT',TRUE,59);
INSERT INTO symbol(id,name,isTerminal,fallback)VALUES(38,'DATABASE',TRUE,59);
INSERT INTO symbol(id,name,isTerminal,fallback)VALUES(39,'DESC',TRUE,59);
INSERT INTO symbol(id,name,isTerminal,fallback)VALUES(40,'DETACH',TRUE,59);
INSERT INTO symbol(id,name,isTerminal,fallback)VALUES(41,'EACH',TRUE,59);
INSERT INTO symbol(id,name,isTerminal,fallback)VALUES(42,'FAIL',TRUE,59);
INSERT INTO symbol(id,name,isTerminal,fallback)VALUES(43,'OR',TRUE,NULL);
INSERT INTO symbol(id,name,isTerminal,fallback)VALUES(44,'AND',TRUE,NULL);
INSERT INTO symbol(id,name,isTerminal,fallback)VALUES(45,'MATCH',TRUE,59);
INSERT INTO symbol(id,name,isTerminal,fallback)VALUES(46,'LIKE_KW',TRUE,59);
INSERT INTO symbol(id,name,isTerminal,fallback)VALUES(47,'BETWEEN',TRUE,NULL);
INSERT INTO symbol(id,name,isTerminal,fallback)VALUES(48,'IS',TRUE,NULL);
INSERT INTO symbol(id,name,isTerminal,fallback)VALUES(49,'IN',TRUE,NULL);
INSERT INTO symbol(id,name,isTerminal,fallback)VALUES(50,'ISNULL',TRUE,NULL);
INSERT INTO symbol(id,name,isTerminal,fallback)VALUES(51,'NOTNULL',TRUE,NULL);
INSERT INTO symbol(id,name,isTerminal,fallback)VALUES(52,'NE',TRUE,NULL);
INSERT INTO symbol(id,name,isTerminal,fallback)VALUES(53,'EQ',TRUE,NULL);
INSERT INTO symbol(id,name,isTerminal,fallback)VALUES(54,'GT',TRUE,NULL);
INSERT INTO symbol(id,name,isTerminal,fallback)VALUES(55,'LE',TRUE,NULL);
INSERT INTO symbol(id,name,isTerminal,fallback)VALUES(56,'LT',TRUE,NULL);
INSERT INTO symbol(id,name,isTerminal,fallback)VALUES(57,'GE',TRUE,NULL);
INSERT INTO symbol(id,name,isTerminal,fallback)VALUES(58,'ESCAPE',TRUE,NULL);
INSERT INTO symbol(id,name,isTerminal,fallback)VALUES(59,'ID',TRUE,NULL);
INSERT INTO symbol(id,name,isTerminal,fallback)VALUES(60,'COLUMNKW',TRUE,59);
INSERT INTO symbol(id,name,isTerminal,fallback)VALUES(61,'DO',TRUE,59);
INSERT INTO symbol(id,name,isTerminal,fallback)VALUES(62,'FOR',TRUE,59);
INSERT INTO symbol(id,name,isTerminal,fallback)VALUES(63,'IGNORE',TRUE,59);
INSERT INTO symbol(id,name,isTerminal,fallback)VALUES(64,'INITIALLY',TRUE,59);
INSERT INTO symbol(id,name,isTerminal,fallback)VALUES(65,'INSTEAD',TRUE,59);
INSERT INTO symbol(id,name,isTerminal,fallback)VALUES(66,'NO',TRUE,59);
INSERT INTO symbol(id,name,isTerminal,fallback)VALUES(67,'KEY',TRUE,59);
INSERT INTO symbol(id,name,isTerminal,fallback)VALUES(68,'OF',TRUE,59);
INSERT INTO symbol(id,name,isTerminal,fallback)VALUES(69,'OFFSET',TRUE,59);
INSERT INTO symbol(id,name,isTerminal,fallback)VALUES(70,'PRAGMA',TRUE,59);
INSERT INTO symbol(id,name,isTerminal,fallback)VALUES(71,'RAISE',TRUE,59);
INSERT INTO symbol(id,name,isTerminal,fallback)VALUES(72,'RECURSIVE',TRUE,59);
INSERT INTO symbol(id,name,isTerminal,fallback)VALUES(73,'REPLACE',TRUE,59);
INSERT INTO symbol(id,name,isTerminal,fallback)VALUES(74,'RESTRICT',TRUE,59);
INSERT INTO symbol(id,name,isTerminal,fallback)VALUES(75,'ROW',TRUE,59);
INSERT INTO symbol(id,name,isTerminal,fallback)VALUES(76,'ROWS',TRUE,59);
INSERT INTO symbol(id,name,isTerminal,fallback)VALUES(77,'TRIGGER',TRUE,59);
INSERT INTO symbol(id,name,isTerminal,fallback)VALUES(78,'VACUUM',TRUE,59);
INSERT INTO symbol(id,name,isTerminal,fallback)VALUES(79,'VIEW',TRUE,59);
INSERT INTO symbol(id,name,isTerminal,fallback)VALUES(80,'VIRTUAL',TRUE,59);
INSERT INTO symbol(id,name,isTerminal,fallback)VALUES(81,'WITH',TRUE,59);
INSERT INTO symbol(id,name,isTerminal,fallback)VALUES(82,'NULLS',TRUE,59);
INSERT INTO symbol(id,name,isTerminal,fallback)VALUES(83,'FIRST',TRUE,59);
INSERT INTO symbol(id,name,isTerminal,fallback)VALUES(84,'LAST',TRUE,59);
INSERT INTO symbol(id,name,isTerminal,fallback)VALUES(85,'CURRENT',TRUE,59);
INSERT INTO symbol(id,name,isTerminal,fallback)VALUES(86,'FOLLOWING',TRUE,59);
INSERT INTO symbol(id,name,isTerminal,fallback)VALUES(87,'PARTITION',TRUE,59);
INSERT INTO symbol(id,name,isTerminal,fallback)VALUES(88,'PRECEDING',TRUE,59);
INSERT INTO symbol(id,name,isTerminal,fallback)VALUES(89,'RANGE',TRUE,59);
INSERT INTO symbol(id,name,isTerminal,fallback)VALUES(90,'UNBOUNDED',TRUE,59);
INSERT INTO symbol(id,name,isTerminal,fallback)VALUES(91,'EXCLUDE',TRUE,59);
INSERT INTO symbol(id,name,isTerminal,fallback)VALUES(92,'GROUPS',TRUE,59);
INSERT INTO symbol(id,name,isTerminal,fallback)VALUES(93,'OTHERS',TRUE,59);
INSERT INTO symbol(id,name,isTerminal,fallback)VALUES(94,'TIES',TRUE,59);
INSERT INTO symbol(id,name,isTerminal,fallback)VALUES(95,'GENERATED',TRUE,59);
INSERT INTO symbol(id,name,isTerminal,fallback)VALUES(96,'ALWAYS',TRUE,59);
INSERT INTO symbol(id,name,isTerminal,fallback)VALUES(97,'MATERIALIZED',TRUE,59);
INSERT INTO symbol(id,name,isTerminal,fallback)VALUES(98,'REINDEX',TRUE,59);
INSERT INTO symbol(id,name,isTerminal,fallback)VALUES(99,'RENAME',TRUE,59);
INSERT INTO symbol(id,name,isTerminal,fallback)VALUES(100,'CTIME_KW',TRUE,59);
INSERT INTO symbol(id,name,isTerminal,fallback)VALUES(101,'ANY',TRUE,NULL);
INSERT INTO symbol(id,name,isTerminal,fallback)VALUES(102,'BITAND',TRUE,NULL);
INSERT INTO symbol(id,name,isTerminal,fallback)VALUES(103,'BITOR',TRUE,NULL);
INSERT INTO symbol(id,name,isTerminal,fallback)VALUES(104,'LSHIFT',TRUE,NULL);
INSERT INTO symbol(id,name,isTerminal,fallback)VALUES(105,'RSHIFT',TRUE,NULL);
INSERT INTO symbol(id,name,isTerminal,fallback)VALUES(106,'PLUS',TRUE,NULL);
INSERT INTO symbol(id,name,isTerminal,fallback)VALUES(107,'MINUS',TRUE,NULL);
INSERT INTO symbol(id,name,isTerminal,fallback)VALUES(108,'STAR',TRUE,NULL);
INSERT INTO symbol(id,name,isTerminal,fallback)VALUES(109,'SLASH',TRUE,NULL);
INSERT INTO symbol(id,name,isTerminal,fallback)VALUES(110,'REM',TRUE,NULL);
INSERT INTO symbol(id,name,isTerminal,fallback)VALUES(111,'CONCAT',TRUE,NULL);
INSERT INTO symbol(id,name,isTerminal,fallback)VALUES(112,'COLLATE',TRUE,NULL);
INSERT INTO symbol(id,name,isTerminal,fallback)VALUES(113,'BITNOT',TRUE,NULL);
INSERT INTO symbol(id,name,isTerminal,fallback)VALUES(114,'ON',TRUE,NULL);
INSERT INTO symbol(id,name,isTerminal,fallback)VALUES(115,'INDEXED',TRUE,NULL);
INSERT INTO symbol(id,name,isTerminal,fallback)VALUES(116,'STRING',TRUE,NULL);
INSERT INTO symbol(id,name,isTerminal,fallback)VALUES(117,'JOIN_KW',TRUE,NULL);
INSERT INTO symbol(id,name,isTerminal,fallback)VALUES(118,'CONSTRAINT',TRUE,NULL);
INSERT INTO symbol(id,name,isTerminal,fallback)VALUES(119,'DEFAULT',TRUE,NULL);
INSERT INTO symbol(id,name,isTerminal,fallback)VALUES(120,'NULL',TRUE,NULL);
INSERT INTO symbol(id,name,isTerminal,fallback)VALUES(121,'PRIMARY',TRUE,NULL);
INSERT INTO symbol(id,name,isTerminal,fallback)VALUES(122,'UNIQUE',TRUE,NULL);
INSERT INTO symbol(id,name,isTerminal,fallback)VALUES(123,'CHECK',TRUE,NULL);
INSERT INTO symbol(id,name,isTerminal,fallback)VALUES(124,'REFERENCES',TRUE,NULL);
INSERT INTO symbol(id,name,isTerminal,fallback)VALUES(125,'AUTOINCR',TRUE,NULL);
INSERT INTO symbol(id,name,isTerminal,fallback)VALUES(126,'INSERT',TRUE,NULL);
INSERT INTO symbol(id,name,isTerminal,fallback)VALUES(127,'DELETE',TRUE,NULL);
INSERT INTO symbol(id,name,isTerminal,fallback)VALUES(128,'UPDATE',TRUE,NULL);
INSERT INTO symbol(id,name,isTerminal,fallback)VALUES(129,'SET',TRUE,NULL);
INSERT INTO symbol(id,name,isTerminal,fallback)VALUES(130,'DEFERRABLE',TRUE,NULL);
INSERT INTO symbol(id,name,isTerminal,fallback)VALUES(131,'FOREIGN',TRUE,NULL);
INSERT INTO symbol(id,name,isTerminal,fallback)VALUES(132,'DROP',TRUE,NULL);
INSERT INTO symbol(id,name,isTerminal,fallback)VALUES(133,'UNION',TRUE,NULL);
INSERT INTO symbol(id,name,isTerminal,fallback)VALUES(134,'ALL',TRUE,NULL);
INSERT INTO symbol(id,name,isTerminal,fallback)VALUES(135,'EXCEPT',TRUE,NULL);
INSERT INTO symbol(id,name,isTerminal,fallback)VALUES(136,'INTERSECT',TRUE,NULL);
INSERT INTO symbol(id,name,isTerminal,fallback)VALUES(137,'SELECT',TRUE,NULL);
INSERT INTO symbol(id,name,isTerminal,fallback)VALUES(138,'VALUES',TRUE,NULL);
INSERT INTO symbol(id,name,isTerminal,fallback)VALUES(139,'DISTINCT',TRUE,NULL);
INSERT INTO symbol(id,name,isTerminal,fallback)VALUES(140,'DOT',TRUE,NULL);
INSERT INTO symbol(id,name,isTerminal,fallback)VALUES(141,'FROM',TRUE,NULL);
INSERT INTO symbol(id,name,isTerminal,fallback)VALUES(142,'JOIN',TRUE,NULL);
INSERT INTO symbol(id,name,isTerminal,fallback)VALUES(143,'USING',TRUE,NULL);
INSERT INTO symbol(id,name,isTerminal,fallback)VALUES(144,'ORDER',TRUE,NULL);
INSERT INTO symbol(id,name,isTerminal,fallback)VALUES(145,'GROUP',TRUE,NULL);
INSERT INTO symbol(id,name,isTerminal,fallback)VALUES(146,'HAVING',TRUE,NULL);
INSERT INTO symbol(id,name,isTerminal,fallback)VALUES(147,'LIMIT',TRUE,NULL);
INSERT INTO symbol(id,name,isTerminal,fallback)VALUES(148,'WHERE',TRUE,NULL);
INSERT INTO symbol(id,name,isTerminal,fallback)VALUES(149,'RETURNING',TRUE,NULL);
INSERT INTO symbol(id,name,isTerminal,fallback)VALUES(150,'INTO',TRUE,NULL);
INSERT INTO symbol(id,name,isTerminal,fallback)VALUES(151,'NOTHING',TRUE,NULL);
INSERT INTO symbol(id,name,isTerminal,fallback)VALUES(152,'FLOAT',TRUE,NULL);
INSERT INTO symbol(id,name,isTerminal,fallback)VALUES(153,'BLOB',TRUE,NULL);
INSERT INTO symbol(id,name,isTerminal,fallback)VALUES(154,'INTEGER',TRUE,NULL);
INSERT INTO symbol(id,name,isTerminal,fallback)VALUES(155,'VARIABLE',TRUE,NULL);
INSERT INTO symbol(id,name,isTerminal,fallback)VALUES(156,'CASE',TRUE,NULL);
INSERT INTO symbol(id,name,isTerminal,fallback)VALUES(157,'WHEN',TRUE,NULL);
INSERT INTO symbol(id,name,isTerminal,fallback)VALUES(158,'THEN',TRUE,NULL);
INSERT INTO symbol(id,name,isTerminal,fallback)VALUES(159,'ELSE',TRUE,NULL);
INSERT INTO symbol(id,name,isTerminal,fallback)VALUES(160,'INDEX',TRUE,NULL);
INSERT INTO symbol(id,name,isTerminal,fallback)VALUES(161,'ALTER',TRUE,NULL);
INSERT INTO symbol(id,name,isTerminal,fallback)VALUES(162,'ADD',TRUE,NULL);
INSERT INTO symbol(id,name,isTerminal,fallback)VALUES(163,'WINDOW',TRUE,NULL);
INSERT INTO symbol(id,name,isTerminal,fallback)VALUES(164,'OVER',TRUE,NULL);
INSERT INTO symbol(id,name,isTerminal,fallback)VALUES(165,'FILTER',TRUE,NULL);
INSERT INTO symbol(id,name,isTerminal,fallback)VALUES(166,'COLUMN',TRUE,NULL);
INSERT INTO symbol(id,name,isTerminal,fallback)VALUES(167,'AGG_FUNCTION',TRUE,NULL);
INSERT INTO symbol(id,name,isTerminal,fallback)VALUES(168,'AGG_COLUMN',TRUE,NULL);
INSERT INTO symbol(id,name,isTerminal,fallback)VALUES(169,'TRUEFALSE',TRUE,NULL);
INSERT INTO symbol(id,name,isTerminal,fallback)VALUES(170,'ISNOT',TRUE,NULL);
INSERT INTO symbol(id,name,isTerminal,fallback)VALUES(171,'FUNCTION',TRUE,NULL);
INSERT INTO symbol(id,name,isTerminal,fallback)VALUES(172,'UMINUS',TRUE,NULL);
INSERT INTO symbol(id,name,isTerminal,fallback)VALUES(173,'UPLUS',TRUE,NULL);
INSERT INTO symbol(id,name,isTerminal,fallback)VALUES(174,'TRUTH',TRUE,NULL);
INSERT INTO symbol(id,name,isTerminal,fallback)VALUES(175,'REGISTER',TRUE,NULL);
INSERT INTO symbol(id,name,isTerminal,fallback)VALUES(176,'VECTOR',TRUE,NULL);
INSERT INTO symbol(id,name,isTerminal,fallback)VALUES(177,'SELECT_COLUMN',TRUE,NULL);
INSERT INTO symbol(id,name,isTerminal,fallback)VALUES(178,'IF_NULL_ROW',TRUE,NULL);
INSERT INTO symbol(id,name,isTerminal,fallback)VALUES(179,'ASTERISK',TRUE,NULL);
INSERT INTO symbol(id,name,isTerminal,fallback)VALUES(180,'SPAN',TRUE,NULL);
INSERT INTO symbol(id,name,isTerminal,fallback)VALUES(181,'ERROR',TRUE,NULL);
INSERT INTO symbol(id,name,isTerminal,fallback)VALUES(182,'SPACE',TRUE,NULL);
INSERT INTO symbol(id,name,isTerminal,fallback)VALUES(183,'ILLEGAL',TRUE,NULL);
INSERT INTO symbol(id,name,isTerminal,fallback)VALUES(184,'input',FALSE,NULL);
INSERT INTO symbol(id,name,isTerminal,fallback)VALUES(185,'cmdlist',FALSE,NULL);
INSERT INTO symbol(id,name,isTerminal,fallback)VALUES(186,'ecmd',FALSE,NULL);
INSERT INTO symbol(id,name,isTerminal,fallback)VALUES(187,'cmdx',FALSE,NULL);
INSERT INTO symbol(id,name,isTerminal,fallback)VALUES(188,'explain',FALSE,NULL);
INSERT INTO symbol(id,name,isTerminal,fallback)VALUES(189,'cmd',FALSE,NULL);
INSERT INTO symbol(id,name,isTerminal,fallback)VALUES(190,'transtype',FALSE,NULL);
INSERT INTO symbol(id,name,isTerminal,fallback)VALUES(191,'trans_opt',FALSE,NULL);
INSERT INTO symbol(id,name,isTerminal,fallback)VALUES(192,'nm',FALSE,NULL);
INSERT INTO symbol(id,name,isTerminal,fallback)VALUES(193,'savepoint_opt',FALSE,NULL);
INSERT INTO symbol(id,name,isTerminal,fallback)VALUES(194,'create_table',FALSE,NULL);
INSERT INTO symbol(id,name,isTerminal,fallback)VALUES(195,'create_table_args',FALSE,NULL);
INSERT INTO symbol(id,name,isTerminal,fallback)VALUES(196,'createkw',FALSE,NULL);
INSERT INTO symbol(id,name,isTerminal,fallback)VALUES(197,'temp',FALSE,NULL);
INSERT INTO symbol(id,name,isTerminal,fallback)VALUES(198,'ifnotexists',FALSE,NULL);
INSERT INTO symbol(id,name,isTerminal,fallback)VALUES(199,'dbnm',FALSE,NULL);
INSERT INTO symbol(id,name,isTerminal,fallback)VALUES(200,'columnlist',FALSE,NULL);
INSERT INTO symbol(id,name,isTerminal,fallback)VALUES(201,'conslist_opt',FALSE,NULL);
INSERT INTO symbol(id,name,isTerminal,fallback)VALUES(202,'table_option_set',FALSE,NULL);
INSERT INTO symbol(id,name,isTerminal,fallback)VALUES(203,'select',FALSE,NULL);
INSERT INTO symbol(id,name,isTerminal,fallback)VALUES(204,'table_option',FALSE,NULL);
INSERT INTO symbol(id,name,isTerminal,fallback)VALUES(205,'columnname',FALSE,NULL);
INSERT INTO symbol(id,name,isTerminal,fallback)VALUES(206,'carglist',FALSE,NULL);
INSERT INTO symbol(id,name,isTerminal,fallback)VALUES(207,'typetoken',FALSE,NULL);
INSERT INTO symbol(id,name,isTerminal,fallback)VALUES(208,'typename',FALSE,NULL);
INSERT INTO symbol(id,name,isTerminal,fallback)VALUES(209,'signed',FALSE,NULL);
INSERT INTO symbol(id,name,isTerminal,fallback)VALUES(210,'plus_num',FALSE,NULL);
INSERT INTO symbol(id,name,isTerminal,fallback)VALUES(211,'minus_num',FALSE,NULL);
INSERT INTO symbol(id,name,isTerminal,fallback)VALUES(212,'scanpt',FALSE,NULL);
INSERT INTO symbol(id,name,isTerminal,fallback)VALUES(213,'scantok',FALSE,NULL);
INSERT INTO symbol(id,name,isTerminal,fallback)VALUES(214,'ccons',FALSE,NULL);
INSERT INTO symbol(id,name,isTerminal,fallback)VALUES(215,'term',FALSE,NULL);
INSERT INTO symbol(id,name,isTerminal,fallback)VALUES(216,'expr',FALSE,NULL);
INSERT INTO symbol(id,name,isTerminal,fallback)VALUES(217,'onconf',FALSE,NULL);
INSERT INTO symbol(id,name,isTerminal,fallback)VALUES(218,'sortorder',FALSE,NULL);
INSERT INTO symbol(id,name,isTerminal,fallback)VALUES(219,'autoinc',FALSE,NULL);
INSERT INTO symbol(id,name,isTerminal,fallback)VALUES(220,'eidlist_opt',FALSE,NULL);
INSERT INTO symbol(id,name,isTerminal,fallback)VALUES(221,'refargs',FALSE,NULL);
INSERT INTO symbol(id,name,isTerminal,fallback)VALUES(222,'defer_subclause',FALSE,NULL);
INSERT INTO symbol(id,name,isTerminal,fallback)VALUES(223,'generated',FALSE,NULL);
INSERT INTO symbol(id,name,isTerminal,fallback)VALUES(224,'refarg',FALSE,NULL);
INSERT INTO symbol(id,name,isTerminal,fallback)VALUES(225,'refact',FALSE,NULL);
INSERT INTO symbol(id,name,isTerminal,fallback)VALUES(226,'init_deferred_pred_opt',FALSE,NULL);
INSERT INTO symbol(id,name,isTerminal,fallback)VALUES(227,'conslist',FALSE,NULL);
INSERT INTO symbol(id,name,isTerminal,fallback)VALUES(228,'tconscomma',FALSE,NULL);
INSERT INTO symbol(id,name,isTerminal,fallback)VALUES(229,'tcons',FALSE,NULL);
INSERT INTO symbol(id,name,isTerminal,fallback)VALUES(230,'sortlist',FALSE,NULL);
INSERT INTO symbol(id,name,isTerminal,fallback)VALUES(231,'eidlist',FALSE,NULL);
INSERT INTO symbol(id,name,isTerminal,fallback)VALUES(232,'defer_subclause_opt',FALSE,NULL);
INSERT INTO symbol(id,name,isTerminal,fallback)VALUES(233,'orconf',FALSE,NULL);
INSERT INTO symbol(id,name,isTerminal,fallback)VALUES(234,'resolvetype',FALSE,NULL);
INSERT INTO symbol(id,name,isTerminal,fallback)VALUES(235,'raisetype',FALSE,NULL);
INSERT INTO symbol(id,name,isTerminal,fallback)VALUES(236,'ifexists',FALSE,NULL);
INSERT INTO symbol(id,name,isTerminal,fallback)VALUES(237,'fullname',FALSE,NULL);
INSERT INTO symbol(id,name,isTerminal,fallback)VALUES(238,'selectnowith',FALSE,NULL);
INSERT INTO symbol(id,name,isTerminal,fallback)VALUES(239,'oneselect',FALSE,NULL);
INSERT INTO symbol(id,name,isTerminal,fallback)VALUES(240,'wqlist',FALSE,NULL);
INSERT INTO symbol(id,name,isTerminal,fallback)VALUES(241,'multiselect_op',FALSE,NULL);
INSERT INTO symbol(id,name,isTerminal,fallback)VALUES(242,'distinct',FALSE,NULL);
INSERT INTO symbol(id,name,isTerminal,fallback)VALUES(243,'selcollist',FALSE,NULL);
INSERT INTO symbol(id,name,isTerminal,fallback)VALUES(244,'from',FALSE,NULL);
INSERT INTO symbol(id,name,isTerminal,fallback)VALUES(245,'where_opt',FALSE,NULL);
INSERT INTO symbol(id,name,isTerminal,fallback)VALUES(246,'groupby_opt',FALSE,NULL);
INSERT INTO symbol(id,name,isTerminal,fallback)VALUES(247,'having_opt',FALSE,NULL);
INSERT INTO symbol(id,name,isTerminal,fallback)VALUES(248,'orderby_opt',FALSE,NULL);
INSERT INTO symbol(id,name,isTerminal,fallback)VALUES(249,'limit_opt',FALSE,NULL);
INSERT INTO symbol(id,name,isTerminal,fallback)VALUES(250,'window_clause',FALSE,NULL);
INSERT INTO symbol(id,name,isTerminal,fallback)VALUES(251,'values',FALSE,NULL);
INSERT INTO symbol(id,name,isTerminal,fallback)VALUES(252,'nexprlist',FALSE,NULL);
INSERT INTO symbol(id,name,isTerminal,fallback)VALUES(253,'sclp',FALSE,NULL);
INSERT INTO symbol(id,name,isTerminal,fallback)VALUES(254,'as',FALSE,NULL);
INSERT INTO symbol(id,name,isTerminal,fallback)VALUES(255,'seltablist',FALSE,NULL);
INSERT INTO symbol(id,name,isTerminal,fallback)VALUES(256,'stl_prefix',FALSE,NULL);
INSERT INTO symbol(id,name,isTerminal,fallback)VALUES(257,'joinop',FALSE,NULL);
INSERT INTO symbol(id,name,isTerminal,fallback)VALUES(258,'indexed_opt',FALSE,NULL);
INSERT INTO symbol(id,name,isTerminal,fallback)VALUES(259,'on_opt',FALSE,NULL);
INSERT INTO symbol(id,name,isTerminal,fallback)VALUES(260,'using_opt',FALSE,NULL);
INSERT INTO symbol(id,name,isTerminal,fallback)VALUES(261,'exprlist',FALSE,NULL);
INSERT INTO symbol(id,name,isTerminal,fallback)VALUES(262,'xfullname',FALSE,NULL);
INSERT INTO symbol(id,name,isTerminal,fallback)VALUES(263,'idlist',FALSE,NULL);
INSERT INTO symbol(id,name,isTerminal,fallback)VALUES(264,'nulls',FALSE,NULL);
INSERT INTO symbol(id,name,isTerminal,fallback)VALUES(265,'with',FALSE,NULL);
INSERT INTO symbol(id,name,isTerminal,fallback)VALUES(266,'where_opt_ret',FALSE,NULL);
INSERT INTO symbol(id,name,isTerminal,fallback)VALUES(267,'setlist',FALSE,NULL);
INSERT INTO symbol(id,name,isTerminal,fallback)VALUES(268,'insert_cmd',FALSE,NULL);
INSERT INTO symbol(id,name,isTerminal,fallback)VALUES(269,'idlist_opt',FALSE,NULL);
INSERT INTO symbol(id,name,isTerminal,fallback)VALUES(270,'upsert',FALSE,NULL);
INSERT INTO symbol(id,name,isTerminal,fallback)VALUES(271,'returning',FALSE,NULL);
INSERT INTO symbol(id,name,isTerminal,fallback)VALUES(272,'filter_over',FALSE,NULL);
INSERT INTO symbol(id,name,isTerminal,fallback)VALUES(273,'likeop',FALSE,NULL);
INSERT INTO symbol(id,name,isTerminal,fallback)VALUES(274,'between_op',FALSE,NULL);
INSERT INTO symbol(id,name,isTerminal,fallback)VALUES(275,'in_op',FALSE,NULL);
INSERT INTO symbol(id,name,isTerminal,fallback)VALUES(276,'paren_exprlist',FALSE,NULL);
INSERT INTO symbol(id,name,isTerminal,fallback)VALUES(277,'case_operand',FALSE,NULL);
INSERT INTO symbol(id,name,isTerminal,fallback)VALUES(278,'case_exprlist',FALSE,NULL);
INSERT INTO symbol(id,name,isTerminal,fallback)VALUES(279,'case_else',FALSE,NULL);
INSERT INTO symbol(id,name,isTerminal,fallback)VALUES(280,'uniqueflag',FALSE,NULL);
INSERT INTO symbol(id,name,isTerminal,fallback)VALUES(281,'collate',FALSE,NULL);
INSERT INTO symbol(id,name,isTerminal,fallback)VALUES(282,'vinto',FALSE,NULL);
INSERT INTO symbol(id,name,isTerminal,fallback)VALUES(283,'nmnum',FALSE,NULL);
INSERT INTO symbol(id,name,isTerminal,fallback)VALUES(284,'trigger_decl',FALSE,NULL);
INSERT INTO symbol(id,name,isTerminal,fallback)VALUES(285,'trigger_cmd_list',FALSE,NULL);
INSERT INTO symbol(id,name,isTerminal,fallback)VALUES(286,'trigger_time',FALSE,NULL);
INSERT INTO symbol(id,name,isTerminal,fallback)VALUES(287,'trigger_event',FALSE,NULL);
INSERT INTO symbol(id,name,isTerminal,fallback)VALUES(288,'foreach_clause',FALSE,NULL);
INSERT INTO symbol(id,name,isTerminal,fallback)VALUES(289,'when_clause',FALSE,NULL);
INSERT INTO symbol(id,name,isTerminal,fallback)VALUES(290,'trigger_cmd',FALSE,NULL);
INSERT INTO symbol(id,name,isTerminal,fallback)VALUES(291,'trnm',FALSE,NULL);
INSERT INTO symbol(id,name,isTerminal,fallback)VALUES(292,'tridxby',FALSE,NULL);
INSERT INTO symbol(id,name,isTerminal,fallback)VALUES(293,'database_kw_opt',FALSE,NULL);
INSERT INTO symbol(id,name,isTerminal,fallback)VALUES(294,'key_opt',FALSE,NULL);
INSERT INTO symbol(id,name,isTerminal,fallback)VALUES(295,'add_column_fullname',FALSE,NULL);
INSERT INTO symbol(id,name,isTerminal,fallback)VALUES(296,'kwcolumn_opt',FALSE,NULL);
INSERT INTO symbol(id,name,isTerminal,fallback)VALUES(297,'create_vtab',FALSE,NULL);
INSERT INTO symbol(id,name,isTerminal,fallback)VALUES(298,'vtabarglist',FALSE,NULL);
INSERT INTO symbol(id,name,isTerminal,fallback)VALUES(299,'vtabarg',FALSE,NULL);
INSERT INTO symbol(id,name,isTerminal,fallback)VALUES(300,'vtabargtoken',FALSE,NULL);
INSERT INTO symbol(id,name,isTerminal,fallback)VALUES(301,'lp',FALSE,NULL);
INSERT INTO symbol(id,name,isTerminal,fallback)VALUES(302,'anylist',FALSE,NULL);
INSERT INTO symbol(id,name,isTerminal,fallback)VALUES(303,'wqitem',FALSE,NULL);
INSERT INTO symbol(id,name,isTerminal,fallback)VALUES(304,'wqas',FALSE,NULL);
INSERT INTO symbol(id,name,isTerminal,fallback)VALUES(305,'windowdefn_list',FALSE,NULL);
INSERT INTO symbol(id,name,isTerminal,fallback)VALUES(306,'windowdefn',FALSE,NULL);
INSERT INTO symbol(id,name,isTerminal,fallback)VALUES(307,'window',FALSE,NULL);
INSERT INTO symbol(id,name,isTerminal,fallback)VALUES(308,'frame_opt',FALSE,NULL);
INSERT INTO symbol(id,name,isTerminal,fallback)VALUES(309,'part_opt',FALSE,NULL);
INSERT INTO symbol(id,name,isTerminal,fallback)VALUES(310,'filter_clause',FALSE,NULL);
INSERT INTO symbol(id,name,isTerminal,fallback)VALUES(311,'over_clause',FALSE,NULL);
INSERT INTO symbol(id,name,isTerminal,fallback)VALUES(312,'range_or_rows',FALSE,NULL);
INSERT INTO symbol(id,name,isTerminal,fallback)VALUES(313,'frame_bound',FALSE,NULL);
INSERT INTO symbol(id,name,isTerminal,fallback)VALUES(314,'frame_bound_s',FALSE,NULL);
INSERT INTO symbol(id,name,isTerminal,fallback)VALUES(315,'frame_bound_e',FALSE,NULL);
INSERT INTO symbol(id,name,isTerminal,fallback)VALUES(316,'frame_exclude_opt',FALSE,NULL);
INSERT INTO symbol(id,name,isTerminal,fallback)VALUES(317,'frame_exclude',FALSE,NULL);
CREATE TABLE rule(
  ruleid INTEGER PRIMARY KEY,
  lhs INTEGER REFERENCES symbol(id),
  txt TEXT
);
CREATE TABLE rulerhs(
  ruleid INTEGER REFERENCES rule(ruleid),
  pos INTEGER,
  sym INTEGER REFERENCES symbol(id)
);
INSERT INTO rule(ruleid,lhs,txt)VALUES(0,188,'explain ::= EXPLAIN');
INSERT INTO rulerhs(ruleid,pos,sym)VALUES(0,0,2);
INSERT INTO rule(ruleid,lhs,txt)VALUES(1,188,'explain ::= EXPLAIN QUERY PLAN');
INSERT INTO rulerhs(ruleid,pos,sym)VALUES(1,0,2);
INSERT INTO rulerhs(ruleid,pos,sym)VALUES(1,1,3);
INSERT INTO rulerhs(ruleid,pos,sym)VALUES(1,2,4);
INSERT INTO rule(ruleid,lhs,txt)VALUES(2,187,'cmdx ::= cmd');
INSERT INTO rulerhs(ruleid,pos,sym)VALUES(2,0,189);
INSERT INTO rule(ruleid,lhs,txt)VALUES(3,189,'cmd ::= BEGIN transtype trans_opt');
INSERT INTO rulerhs(ruleid,pos,sym)VALUES(3,0,5);
INSERT INTO rulerhs(ruleid,pos,sym)VALUES(3,1,190);
INSERT INTO rulerhs(ruleid,pos,sym)VALUES(3,2,191);
INSERT INTO rule(ruleid,lhs,txt)VALUES(4,190,'transtype ::=');
INSERT INTO rule(ruleid,lhs,txt)VALUES(5,190,'transtype ::= DEFERRED');
INSERT INTO rulerhs(ruleid,pos,sym)VALUES(5,0,7);
INSERT INTO rule(ruleid,lhs,txt)VALUES(6,190,'transtype ::= IMMEDIATE');
INSERT INTO rulerhs(ruleid,pos,sym)VALUES(6,0,8);
INSERT INTO rule(ruleid,lhs,txt)VALUES(7,190,'transtype ::= EXCLUSIVE');
INSERT INTO rulerhs(ruleid,pos,sym)VALUES(7,0,9);
INSERT INTO rule(ruleid,lhs,txt)VALUES(8,189,'cmd ::= COMMIT|END trans_opt');
INSERT INTO rulerhs(ruleid,pos,sym)VALUES(8,0,10);
INSERT INTO rulerhs(ruleid,pos,sym)VALUES(8,0,11);
INSERT INTO rulerhs(ruleid,pos,sym)VALUES(8,1,191);
INSERT INTO rule(ruleid,lhs,txt)VALUES(9,189,'cmd ::= ROLLBACK trans_opt');
INSERT INTO rulerhs(ruleid,pos,sym)VALUES(9,0,12);
INSERT INTO rulerhs(ruleid,pos,sym)VALUES(9,1,191);
INSERT INTO rule(ruleid,lhs,txt)VALUES(10,189,'cmd ::= SAVEPOINT nm');
INSERT INTO rulerhs(ruleid,pos,sym)VALUES(10,0,13);
INSERT INTO rulerhs(ruleid,pos,sym)VALUES(10,1,192);
INSERT INTO rule(ruleid,lhs,txt)VALUES(11,189,'cmd ::= RELEASE savepoint_opt nm');
INSERT INTO rulerhs(ruleid,pos,sym)VALUES(11,0,14);
INSERT INTO rulerhs(ruleid,pos,sym)VALUES(11,1,193);
INSERT INTO rulerhs(ruleid,pos,sym)VALUES(11,2,192);
INSERT INTO rule(ruleid,lhs,txt)VALUES(12,189,'cmd ::= ROLLBACK trans_opt TO savepoint_opt nm');
INSERT INTO rulerhs(ruleid,pos,sym)VALUES(12,0,12);
INSERT INTO rulerhs(ruleid,pos,sym)VALUES(12,1,191);
INSERT INTO rulerhs(ruleid,pos,sym)VALUES(12,2,15);
INSERT INTO rulerhs(ruleid,pos,sym)VALUES(12,3,193);
INSERT INTO rulerhs(ruleid,pos,sym)VALUES(12,4,192);
INSERT INTO rule(ruleid,lhs,txt)VALUES(13,194,'create_table ::= createkw temp TABLE ifnotexists nm dbnm');
INSERT INTO rulerhs(ruleid,pos,sym)VALUES(13,0,196);
INSERT INTO rulerhs(ruleid,pos,sym)VALUES(13,1,197);
INSERT INTO rulerhs(ruleid,pos,sym)VALUES(13,2,16);
INSERT INTO rulerhs(ruleid,pos,sym)VALUES(13,3,198);
INSERT INTO rulerhs(ruleid,pos,sym)VALUES(13,4,192);
INSERT INTO rulerhs(ruleid,pos,sym)VALUES(13,5,199);
INSERT INTO rule(ruleid,lhs,txt)VALUES(14,196,'createkw ::= CREATE');
INSERT INTO rulerhs(ruleid,pos,sym)VALUES(14,0,17);
INSERT INTO rule(ruleid,lhs,txt)VALUES(15,198,'ifnotexists ::=');
INSERT INTO rule(ruleid,lhs,txt)VALUES(16,198,'ifnotexists ::= IF NOT EXISTS');
INSERT INTO rulerhs(ruleid,pos,sym)VALUES(16,0,18);
INSERT INTO rulerhs(ruleid,pos,sym)VALUES(16,1,19);
INSERT INTO rulerhs(ruleid,pos,sym)VALUES(16,2,20);
INSERT INTO rule(ruleid,lhs,txt)VALUES(17,197,'temp ::= TEMP');
INSERT INTO rulerhs(ruleid,pos,sym)VALUES(17,0,21);
INSERT INTO rule(ruleid,lhs,txt)VALUES(18,197,'temp ::=');
INSERT INTO rule(ruleid,lhs,txt)VALUES(19,195,'create_table_args ::= LP columnlist conslist_opt RP table_option_set');
INSERT INTO rulerhs(ruleid,pos,sym)VALUES(19,0,22);
INSERT INTO rulerhs(ruleid,pos,sym)VALUES(19,1,200);
INSERT INTO rulerhs(ruleid,pos,sym)VALUES(19,2,201);
INSERT INTO rulerhs(ruleid,pos,sym)VALUES(19,3,23);
INSERT INTO rulerhs(ruleid,pos,sym)VALUES(19,4,202);
INSERT INTO rule(ruleid,lhs,txt)VALUES(20,195,'create_table_args ::= AS select');
INSERT INTO rulerhs(ruleid,pos,sym)VALUES(20,0,24);
INSERT INTO rulerhs(ruleid,pos,sym)VALUES(20,1,203);
INSERT INTO rule(ruleid,lhs,txt)VALUES(21,202,'table_option_set ::=');
INSERT INTO rule(ruleid,lhs,txt)VALUES(22,202,'table_option_set ::= table_option_set COMMA table_option');
INSERT INTO rulerhs(ruleid,pos,sym)VALUES(22,0,202);
INSERT INTO rulerhs(ruleid,pos,sym)VALUES(22,1,25);
INSERT INTO rulerhs(ruleid,pos,sym)VALUES(22,2,204);
INSERT INTO rule(ruleid,lhs,txt)VALUES(23,204,'table_option ::= WITHOUT nm');
INSERT INTO rulerhs(ruleid,pos,sym)VALUES(23,0,26);
INSERT INTO rulerhs(ruleid,pos,sym)VALUES(23,1,192);
INSERT INTO rule(ruleid,lhs,txt)VALUES(24,204,'table_option ::= nm');
INSERT INTO rulerhs(ruleid,pos,sym)VALUES(24,0,192);
INSERT INTO rule(ruleid,lhs,txt)VALUES(25,205,'columnname ::= nm typetoken');
INSERT INTO rulerhs(ruleid,pos,sym)VALUES(25,0,192);
INSERT INTO rulerhs(ruleid,pos,sym)VALUES(25,1,207);
INSERT INTO rule(ruleid,lhs,txt)VALUES(26,207,'typetoken ::=');
INSERT INTO rule(ruleid,lhs,txt)VALUES(27,207,'typetoken ::= typename LP signed RP');
INSERT INTO rulerhs(ruleid,pos,sym)VALUES(27,0,208);
INSERT INTO rulerhs(ruleid,pos,sym)VALUES(27,1,22);
INSERT INTO rulerhs(ruleid,pos,sym)VALUES(27,2,209);
INSERT INTO rulerhs(ruleid,pos,sym)VALUES(27,3,23);
INSERT INTO rule(ruleid,lhs,txt)VALUES(28,207,'typetoken ::= typename LP signed COMMA signed RP');
INSERT INTO rulerhs(ruleid,pos,sym)VALUES(28,0,208);
INSERT INTO rulerhs(ruleid,pos,sym)VALUES(28,1,22);
INSERT INTO rulerhs(ruleid,pos,sym)VALUES(28,2,209);
INSERT INTO rulerhs(ruleid,pos,sym)VALUES(28,3,25);
INSERT INTO rulerhs(ruleid,pos,sym)VALUES(28,4,209);
INSERT INTO rulerhs(ruleid,pos,sym)VALUES(28,5,23);
INSERT INTO rule(ruleid,lhs,txt)VALUES(29,208,'typename ::= typename ID|STRING');
INSERT INTO rulerhs(ruleid,pos,sym)VALUES(29,0,208);
INSERT INTO rulerhs(ruleid,pos,sym)VALUES(29,1,59);
INSERT INTO rulerhs(ruleid,pos,sym)VALUES(29,1,116);
INSERT INTO rule(ruleid,lhs,txt)VALUES(30,212,'scanpt ::=');
INSERT INTO rule(ruleid,lhs,txt)VALUES(31,213,'scantok ::=');
INSERT INTO rule(ruleid,lhs,txt)VALUES(32,214,'ccons ::= CONSTRAINT nm');
INSERT INTO rulerhs(ruleid,pos,sym)VALUES(32,0,118);
INSERT INTO rulerhs(ruleid,pos,sym)VALUES(32,1,192);
INSERT INTO rule(ruleid,lhs,txt)VALUES(33,214,'ccons ::= DEFAULT scantok term');
INSERT INTO rulerhs(ruleid,pos,sym)VALUES(33,0,119);
INSERT INTO rulerhs(ruleid,pos,sym)VALUES(33,1,213);
INSERT INTO rulerhs(ruleid,pos,sym)VALUES(33,2,215);
INSERT INTO rule(ruleid,lhs,txt)VALUES(34,214,'ccons ::= DEFAULT LP expr RP');
INSERT INTO rulerhs(ruleid,pos,sym)VALUES(34,0,119);
INSERT INTO rulerhs(ruleid,pos,sym)VALUES(34,1,22);
INSERT INTO rulerhs(ruleid,pos,sym)VALUES(34,2,216);
INSERT INTO rulerhs(ruleid,pos,sym)VALUES(34,3,23);
INSERT INTO rule(ruleid,lhs,txt)VALUES(35,214,'ccons ::= DEFAULT PLUS scantok term');
INSERT INTO rulerhs(ruleid,pos,sym)VALUES(35,0,119);
INSERT INTO rulerhs(ruleid,pos,sym)VALUES(35,1,106);
INSERT INTO rulerhs(ruleid,pos,sym)VALUES(35,2,213);
INSERT INTO rulerhs(ruleid,pos,sym)VALUES(35,3,215);
INSERT INTO rule(ruleid,lhs,txt)VALUES(36,214,'ccons ::= DEFAULT MINUS scantok term');
INSERT INTO rulerhs(ruleid,pos,sym)VALUES(36,0,119);
INSERT INTO rulerhs(ruleid,pos,sym)VALUES(36,1,107);
INSERT INTO rulerhs(ruleid,pos,sym)VALUES(36,2,213);
INSERT INTO rulerhs(ruleid,pos,sym)VALUES(36,3,215);
INSERT INTO rule(ruleid,lhs,txt)VALUES(37,214,'ccons ::= DEFAULT scantok ID|INDEXED');
INSERT INTO rulerhs(ruleid,pos,sym)VALUES(37,0,119);
INSERT INTO rulerhs(ruleid,pos,sym)VALUES(37,1,213);
INSERT INTO rulerhs(ruleid,pos,sym)VALUES(37,2,59);
INSERT INTO rulerhs(ruleid,pos,sym)VALUES(37,2,115);
INSERT INTO rule(ruleid,lhs,txt)VALUES(38,214,'ccons ::= NOT NULL onconf');
INSERT INTO rulerhs(ruleid,pos,sym)VALUES(38,0,19);
INSERT INTO rulerhs(ruleid,pos,sym)VALUES(38,1,120);
INSERT INTO rulerhs(ruleid,pos,sym)VALUES(38,2,217);
INSERT INTO rule(ruleid,lhs,txt)VALUES(39,214,'ccons ::= PRIMARY KEY sortorder onconf autoinc');
INSERT INTO rulerhs(ruleid,pos,sym)VALUES(39,0,121);
INSERT INTO rulerhs(ruleid,pos,sym)VALUES(39,1,67);
INSERT INTO rulerhs(ruleid,pos,sym)VALUES(39,2,218);
INSERT INTO rulerhs(ruleid,pos,sym)VALUES(39,3,217);
INSERT INTO rulerhs(ruleid,pos,sym)VALUES(39,4,219);
INSERT INTO rule(ruleid,lhs,txt)VALUES(40,214,'ccons ::= UNIQUE onconf');
INSERT INTO rulerhs(ruleid,pos,sym)VALUES(40,0,122);
INSERT INTO rulerhs(ruleid,pos,sym)VALUES(40,1,217);
INSERT INTO rule(ruleid,lhs,txt)VALUES(41,214,'ccons ::= CHECK LP expr RP');
INSERT INTO rulerhs(ruleid,pos,sym)VALUES(41,0,123);
INSERT INTO rulerhs(ruleid,pos,sym)VALUES(41,1,22);
INSERT INTO rulerhs(ruleid,pos,sym)VALUES(41,2,216);
INSERT INTO rulerhs(ruleid,pos,sym)VALUES(41,3,23);
INSERT INTO rule(ruleid,lhs,txt)VALUES(42,214,'ccons ::= REFERENCES nm eidlist_opt refargs');
INSERT INTO rulerhs(ruleid,pos,sym)VALUES(42,0,124);
INSERT INTO rulerhs(ruleid,pos,sym)VALUES(42,1,192);
INSERT INTO rulerhs(ruleid,pos,sym)VALUES(42,2,220);
INSERT INTO rulerhs(ruleid,pos,sym)VALUES(42,3,221);
INSERT INTO rule(ruleid,lhs,txt)VALUES(43,214,'ccons ::= defer_subclause');
INSERT INTO rulerhs(ruleid,pos,sym)VALUES(43,0,222);
INSERT INTO rule(ruleid,lhs,txt)VALUES(44,214,'ccons ::= COLLATE ID|STRING');
INSERT INTO rulerhs(ruleid,pos,sym)VALUES(44,0,112);
INSERT INTO rulerhs(ruleid,pos,sym)VALUES(44,1,59);
INSERT INTO rulerhs(ruleid,pos,sym)VALUES(44,1,116);
INSERT INTO rule(ruleid,lhs,txt)VALUES(45,223,'generated ::= LP expr RP');
INSERT INTO rulerhs(ruleid,pos,sym)VALUES(45,0,22);
INSERT INTO rulerhs(ruleid,pos,sym)VALUES(45,1,216);
INSERT INTO rulerhs(ruleid,pos,sym)VALUES(45,2,23);
INSERT INTO rule(ruleid,lhs,txt)VALUES(46,223,'generated ::= LP expr RP ID');
INSERT INTO rulerhs(ruleid,pos,sym)VALUES(46,0,22);
INSERT INTO rulerhs(ruleid,pos,sym)VALUES(46,1,216);
INSERT INTO rulerhs(ruleid,pos,sym)VALUES(46,2,23);
INSERT INTO rulerhs(ruleid,pos,sym)VALUES(46,3,59);
INSERT INTO rule(ruleid,lhs,txt)VALUES(47,219,'autoinc ::=');
INSERT INTO rule(ruleid,lhs,txt)VALUES(48,219,'autoinc ::= AUTOINCR');
INSERT INTO rulerhs(ruleid,pos,sym)VALUES(48,0,125);
INSERT INTO rule(ruleid,lhs,txt)VALUES(49,221,'refargs ::=');
INSERT INTO rule(ruleid,lhs,txt)VALUES(50,221,'refargs ::= refargs refarg');
INSERT INTO rulerhs(ruleid,pos,sym)VALUES(50,0,221);
INSERT INTO rulerhs(ruleid,pos,sym)VALUES(50,1,224);
INSERT INTO rule(ruleid,lhs,txt)VALUES(51,224,'refarg ::= MATCH nm');
INSERT INTO rulerhs(ruleid,pos,sym)VALUES(51,0,45);
INSERT INTO rulerhs(ruleid,pos,sym)VALUES(51,1,192);
INSERT INTO rule(ruleid,lhs,txt)VALUES(52,224,'refarg ::= ON INSERT refact');
INSERT INTO rulerhs(ruleid,pos,sym)VALUES(52,0,114);
INSERT INTO rulerhs(ruleid,pos,sym)VALUES(52,1,126);
INSERT INTO rulerhs(ruleid,pos,sym)VALUES(52,2,225);
INSERT INTO rule(ruleid,lhs,txt)VALUES(53,224,'refarg ::= ON DELETE refact');
INSERT INTO rulerhs(ruleid,pos,sym)VALUES(53,0,114);
INSERT INTO rulerhs(ruleid,pos,sym)VALUES(53,1,127);
INSERT INTO rulerhs(ruleid,pos,sym)VALUES(53,2,225);
INSERT INTO rule(ruleid,lhs,txt)VALUES(54,224,'refarg ::= ON UPDATE refact');
INSERT INTO rulerhs(ruleid,pos,sym)VALUES(54,0,114);
INSERT INTO rulerhs(ruleid,pos,sym)VALUES(54,1,128);
INSERT INTO rulerhs(ruleid,pos,sym)VALUES(54,2,225);
INSERT INTO rule(ruleid,lhs,txt)VALUES(55,225,'refact ::= SET NULL');
INSERT INTO rulerhs(ruleid,pos,sym)VALUES(55,0,129);
INSERT INTO rulerhs(ruleid,pos,sym)VALUES(55,1,120);
INSERT INTO rule(ruleid,lhs,txt)VALUES(56,225,'refact ::= SET DEFAULT');
INSERT INTO rulerhs(ruleid,pos,sym)VALUES(56,0,129);
INSERT INTO rulerhs(ruleid,pos,sym)VALUES(56,1,119);
INSERT INTO rule(ruleid,lhs,txt)VALUES(57,225,'refact ::= CASCADE');
INSERT INTO rulerhs(ruleid,pos,sym)VALUES(57,0,35);
INSERT INTO rule(ruleid,lhs,txt)VALUES(58,225,'refact ::= RESTRICT');
INSERT INTO rulerhs(ruleid,pos,sym)VALUES(58,0,74);
INSERT INTO rule(ruleid,lhs,txt)VALUES(59,225,'refact ::= NO ACTION');
INSERT INTO rulerhs(ruleid,pos,sym)VALUES(59,0,66);
INSERT INTO rulerhs(ruleid,pos,sym)VALUES(59,1,28);
INSERT INTO rule(ruleid,lhs,txt)VALUES(60,222,'defer_subclause ::= NOT DEFERRABLE init_deferred_pred_opt');
INSERT INTO rulerhs(ruleid,pos,sym)VALUES(60,0,19);
INSERT INTO rulerhs(ruleid,pos,sym)VALUES(60,1,130);
INSERT INTO rulerhs(ruleid,pos,sym)VALUES(60,2,226);
INSERT INTO rule(ruleid,lhs,txt)VALUES(61,222,'defer_subclause ::= DEFERRABLE init_deferred_pred_opt');
INSERT INTO rulerhs(ruleid,pos,sym)VALUES(61,0,130);
INSERT INTO rulerhs(ruleid,pos,sym)VALUES(61,1,226);
INSERT INTO rule(ruleid,lhs,txt)VALUES(62,226,'init_deferred_pred_opt ::=');
INSERT INTO rule(ruleid,lhs,txt)VALUES(63,226,'init_deferred_pred_opt ::= INITIALLY DEFERRED');
INSERT INTO rulerhs(ruleid,pos,sym)VALUES(63,0,64);
INSERT INTO rulerhs(ruleid,pos,sym)VALUES(63,1,7);
INSERT INTO rule(ruleid,lhs,txt)VALUES(64,226,'init_deferred_pred_opt ::= INITIALLY IMMEDIATE');
INSERT INTO rulerhs(ruleid,pos,sym)VALUES(64,0,64);
INSERT INTO rulerhs(ruleid,pos,sym)VALUES(64,1,8);
INSERT INTO rule(ruleid,lhs,txt)VALUES(65,201,'conslist_opt ::=');
INSERT INTO rule(ruleid,lhs,txt)VALUES(66,228,'tconscomma ::= COMMA');
INSERT INTO rulerhs(ruleid,pos,sym)VALUES(66,0,25);
INSERT INTO rule(ruleid,lhs,txt)VALUES(67,229,'tcons ::= CONSTRAINT nm');
INSERT INTO rulerhs(ruleid,pos,sym)VALUES(67,0,118);
INSERT INTO rulerhs(ruleid,pos,sym)VALUES(67,1,192);
INSERT INTO rule(ruleid,lhs,txt)VALUES(68,229,'tcons ::= PRIMARY KEY LP sortlist autoinc RP onconf');
INSERT INTO rulerhs(ruleid,pos,sym)VALUES(68,0,121);
INSERT INTO rulerhs(ruleid,pos,sym)VALUES(68,1,67);
INSERT INTO rulerhs(ruleid,pos,sym)VALUES(68,2,22);
INSERT INTO rulerhs(ruleid,pos,sym)VALUES(68,3,230);
INSERT INTO rulerhs(ruleid,pos,sym)VALUES(68,4,219);
INSERT INTO rulerhs(ruleid,pos,sym)VALUES(68,5,23);
INSERT INTO rulerhs(ruleid,pos,sym)VALUES(68,6,217);
INSERT INTO rule(ruleid,lhs,txt)VALUES(69,229,'tcons ::= UNIQUE LP sortlist RP onconf');
INSERT INTO rulerhs(ruleid,pos,sym)VALUES(69,0,122);
INSERT INTO rulerhs(ruleid,pos,sym)VALUES(69,1,22);
INSERT INTO rulerhs(ruleid,pos,sym)VALUES(69,2,230);
INSERT INTO rulerhs(ruleid,pos,sym)VALUES(69,3,23);
INSERT INTO rulerhs(ruleid,pos,sym)VALUES(69,4,217);
INSERT INTO rule(ruleid,lhs,txt)VALUES(70,229,'tcons ::= CHECK LP expr RP onconf');
INSERT INTO rulerhs(ruleid,pos,sym)VALUES(70,0,123);
INSERT INTO rulerhs(ruleid,pos,sym)VALUES(70,1,22);
INSERT INTO rulerhs(ruleid,pos,sym)VALUES(70,2,216);
INSERT INTO rulerhs(ruleid,pos,sym)VALUES(70,3,23);
INSERT INTO rulerhs(ruleid,pos,sym)VALUES(70,4,217);
INSERT INTO rule(ruleid,lhs,txt)VALUES(71,229,'tcons ::= FOREIGN KEY LP eidlist RP REFERENCES nm eidlist_opt refargs defer_subclause_opt');
INSERT INTO rulerhs(ruleid,pos,sym)VALUES(71,0,131);
INSERT INTO rulerhs(ruleid,pos,sym)VALUES(71,1,67);
INSERT INTO rulerhs(ruleid,pos,sym)VALUES(71,2,22);
INSERT INTO rulerhs(ruleid,pos,sym)VALUES(71,3,231);
INSERT INTO rulerhs(ruleid,pos,sym)VALUES(71,4,23);
INSERT INTO rulerhs(ruleid,pos,sym)VALUES(71,5,124);
INSERT INTO rulerhs(ruleid,pos,sym)VALUES(71,6,192);
INSERT INTO rulerhs(ruleid,pos,sym)VALUES(71,7,220);
INSERT INTO rulerhs(ruleid,pos,sym)VALUES(71,8,221);
INSERT INTO rulerhs(ruleid,pos,sym)VALUES(71,9,232);
INSERT INTO rule(ruleid,lhs,txt)VALUES(72,232,'defer_subclause_opt ::=');
INSERT INTO rule(ruleid,lhs,txt)VALUES(73,217,'onconf ::=');
INSERT INTO rule(ruleid,lhs,txt)VALUES(74,217,'onconf ::= ON CONFLICT resolvetype');
INSERT INTO rulerhs(ruleid,pos,sym)VALUES(74,0,114);
INSERT INTO rulerhs(ruleid,pos,sym)VALUES(74,1,37);
INSERT INTO rulerhs(ruleid,pos,sym)VALUES(74,2,234);
INSERT INTO rule(ruleid,lhs,txt)VALUES(75,233,'orconf ::=');
INSERT INTO rule(ruleid,lhs,txt)VALUES(76,233,'orconf ::= OR resolvetype');
INSERT INTO rulerhs(ruleid,pos,sym)VALUES(76,0,43);
INSERT INTO rulerhs(ruleid,pos,sym)VALUES(76,1,234);
INSERT INTO rule(ruleid,lhs,txt)VALUES(77,234,'resolvetype ::= IGNORE');
INSERT INTO rulerhs(ruleid,pos,sym)VALUES(77,0,63);
INSERT INTO rule(ruleid,lhs,txt)VALUES(78,234,'resolvetype ::= REPLACE');
INSERT INTO rulerhs(ruleid,pos,sym)VALUES(78,0,73);
INSERT INTO rule(ruleid,lhs,txt)VALUES(79,189,'cmd ::= DROP TABLE ifexists fullname');
INSERT INTO rulerhs(ruleid,pos,sym)VALUES(79,0,132);
INSERT INTO rulerhs(ruleid,pos,sym)VALUES(79,1,16);
INSERT INTO rulerhs(ruleid,pos,sym)VALUES(79,2,236);
INSERT INTO rulerhs(ruleid,pos,sym)VALUES(79,3,237);
INSERT INTO rule(ruleid,lhs,txt)VALUES(80,236,'ifexists ::= IF EXISTS');
INSERT INTO rulerhs(ruleid,pos,sym)VALUES(80,0,18);
INSERT INTO rulerhs(ruleid,pos,sym)VALUES(80,1,20);
INSERT INTO rule(ruleid,lhs,txt)VALUES(81,236,'ifexists ::=');
INSERT INTO rule(ruleid,lhs,txt)VALUES(82,189,'cmd ::= createkw temp VIEW ifnotexists nm dbnm eidlist_opt AS select');
INSERT INTO rulerhs(ruleid,pos,sym)VALUES(82,0,196);
INSERT INTO rulerhs(ruleid,pos,sym)VALUES(82,1,197);
INSERT INTO rulerhs(ruleid,pos,sym)VALUES(82,2,79);
INSERT INTO rulerhs(ruleid,pos,sym)VALUES(82,3,198);
INSERT INTO rulerhs(ruleid,pos,sym)VALUES(82,4,192);
INSERT INTO rulerhs(ruleid,pos,sym)VALUES(82,5,199);
INSERT INTO rulerhs(ruleid,pos,sym)VALUES(82,6,220);
INSERT INTO rulerhs(ruleid,pos,sym)VALUES(82,7,24);
INSERT INTO rulerhs(ruleid,pos,sym)VALUES(82,8,203);
INSERT INTO rule(ruleid,lhs,txt)VALUES(83,189,'cmd ::= DROP VIEW ifexists fullname');
INSERT INTO rulerhs(ruleid,pos,sym)VALUES(83,0,132);
INSERT INTO rulerhs(ruleid,pos,sym)VALUES(83,1,79);
INSERT INTO rulerhs(ruleid,pos,sym)VALUES(83,2,236);
INSERT INTO rulerhs(ruleid,pos,sym)VALUES(83,3,237);
INSERT INTO rule(ruleid,lhs,txt)VALUES(84,189,'cmd ::= select');
INSERT INTO rulerhs(ruleid,pos,sym)VALUES(84,0,203);
INSERT INTO rule(ruleid,lhs,txt)VALUES(85,203,'select ::= WITH wqlist selectnowith');
INSERT INTO rulerhs(ruleid,pos,sym)VALUES(85,0,81);
INSERT INTO rulerhs(ruleid,pos,sym)VALUES(85,1,240);
INSERT INTO rulerhs(ruleid,pos,sym)VALUES(85,2,238);
INSERT INTO rule(ruleid,lhs,txt)VALUES(86,203,'select ::= WITH RECURSIVE wqlist selectnowith');
INSERT INTO rulerhs(ruleid,pos,sym)VALUES(86,0,81);
INSERT INTO rulerhs(ruleid,pos,sym)VALUES(86,1,72);
INSERT INTO rulerhs(ruleid,pos,sym)VALUES(86,2,240);
INSERT INTO rulerhs(ruleid,pos,sym)VALUES(86,3,238);
INSERT INTO rule(ruleid,lhs,txt)VALUES(87,203,'select ::= selectnowith');
INSERT INTO rulerhs(ruleid,pos,sym)VALUES(87,0,238);
INSERT INTO rule(ruleid,lhs,txt)VALUES(88,238,'selectnowith ::= selectnowith multiselect_op oneselect');
INSERT INTO rulerhs(ruleid,pos,sym)VALUES(88,0,238);
INSERT INTO rulerhs(ruleid,pos,sym)VALUES(88,1,241);
INSERT INTO rulerhs(ruleid,pos,sym)VALUES(88,2,239);
INSERT INTO rule(ruleid,lhs,txt)VALUES(89,241,'multiselect_op ::= UNION');
INSERT INTO rulerhs(ruleid,pos,sym)VALUES(89,0,133);
INSERT INTO rule(ruleid,lhs,txt)VALUES(90,241,'multiselect_op ::= UNION ALL');
INSERT INTO rulerhs(ruleid,pos,sym)VALUES(90,0,133);
INSERT INTO rulerhs(ruleid,pos,sym)VALUES(90,1,134);
INSERT INTO rule(ruleid,lhs,txt)VALUES(91,241,'multiselect_op ::= EXCEPT|INTERSECT');
INSERT INTO rulerhs(ruleid,pos,sym)VALUES(91,0,135);
INSERT INTO rulerhs(ruleid,pos,sym)VALUES(91,0,136);
INSERT INTO rule(ruleid,lhs,txt)VALUES(92,239,'oneselect ::= SELECT distinct selcollist from where_opt groupby_opt having_opt orderby_opt limit_opt');
INSERT INTO rulerhs(ruleid,pos,sym)VALUES(92,0,137);
INSERT INTO rulerhs(ruleid,pos,sym)VALUES(92,1,242);
INSERT INTO rulerhs(ruleid,pos,sym)VALUES(92,2,243);
INSERT INTO rulerhs(ruleid,pos,sym)VALUES(92,3,244);
INSERT INTO rulerhs(ruleid,pos,sym)VALUES(92,4,245);
INSERT INTO rulerhs(ruleid,pos,sym)VALUES(92,5,246);
INSERT INTO rulerhs(ruleid,pos,sym)VALUES(92,6,247);
INSERT INTO rulerhs(ruleid,pos,sym)VALUES(92,7,248);
INSERT INTO rulerhs(ruleid,pos,sym)VALUES(92,8,249);
INSERT INTO rule(ruleid,lhs,txt)VALUES(93,239,'oneselect ::= SELECT distinct selcollist from where_opt groupby_opt having_opt window_clause orderby_opt limit_opt');
INSERT INTO rulerhs(ruleid,pos,sym)VALUES(93,0,137);
INSERT INTO rulerhs(ruleid,pos,sym)VALUES(93,1,242);
INSERT INTO rulerhs(ruleid,pos,sym)VALUES(93,2,243);
INSERT INTO rulerhs(ruleid,pos,sym)VALUES(93,3,244);
INSERT INTO rulerhs(ruleid,pos,sym)VALUES(93,4,245);
INSERT INTO rulerhs(ruleid,pos,sym)VALUES(93,5,246);
INSERT INTO rulerhs(ruleid,pos,sym)VALUES(93,6,247);
INSERT INTO rulerhs(ruleid,pos,sym)VALUES(93,7,250);
INSERT INTO rulerhs(ruleid,pos,sym)VALUES(93,8,248);
INSERT INTO rulerhs(ruleid,pos,sym)VALUES(93,9,249);
INSERT INTO rule(ruleid,lhs,txt)VALUES(94,251,'values ::= VALUES LP nexprlist RP');
INSERT INTO rulerhs(ruleid,pos,sym)VALUES(94,0,138);
INSERT INTO rulerhs(ruleid,pos,sym)VALUES(94,1,22);
INSERT INTO rulerhs(ruleid,pos,sym)VALUES(94,2,252);
INSERT INTO rulerhs(ruleid,pos,sym)VALUES(94,3,23);
INSERT INTO rule(ruleid,lhs,txt)VALUES(95,251,'values ::= values COMMA LP nexprlist RP');
INSERT INTO rulerhs(ruleid,pos,sym)VALUES(95,0,251);
INSERT INTO rulerhs(ruleid,pos,sym)VALUES(95,1,25);
INSERT INTO rulerhs(ruleid,pos,sym)VALUES(95,2,22);
INSERT INTO rulerhs(ruleid,pos,sym)VALUES(95,3,252);
INSERT INTO rulerhs(ruleid,pos,sym)VALUES(95,4,23);
INSERT INTO rule(ruleid,lhs,txt)VALUES(96,242,'distinct ::= DISTINCT');
INSERT INTO rulerhs(ruleid,pos,sym)VALUES(96,0,139);
INSERT INTO rule(ruleid,lhs,txt)VALUES(97,242,'distinct ::= ALL');
INSERT INTO rulerhs(ruleid,pos,sym)VALUES(97,0,134);
INSERT INTO rule(ruleid,lhs,txt)VALUES(98,242,'distinct ::=');
INSERT INTO rule(ruleid,lhs,txt)VALUES(99,253,'sclp ::=');
INSERT INTO rule(ruleid,lhs,txt)VALUES(100,243,'selcollist ::= sclp scanpt expr scanpt as');
INSERT INTO rulerhs(ruleid,pos,sym)VALUES(100,0,253);
INSERT INTO rulerhs(ruleid,pos,sym)VALUES(100,1,212);
INSERT INTO rulerhs(ruleid,pos,sym)VALUES(100,2,216);
INSERT INTO rulerhs(ruleid,pos,sym)VALUES(100,3,212);
INSERT INTO rulerhs(ruleid,pos,sym)VALUES(100,4,254);
INSERT INTO rule(ruleid,lhs,txt)VALUES(101,243,'selcollist ::= sclp scanpt STAR');
INSERT INTO rulerhs(ruleid,pos,sym)VALUES(101,0,253);
INSERT INTO rulerhs(ruleid,pos,sym)VALUES(101,1,212);
INSERT INTO rulerhs(ruleid,pos,sym)VALUES(101,2,108);
INSERT INTO rule(ruleid,lhs,txt)VALUES(102,243,'selcollist ::= sclp scanpt nm DOT STAR');
INSERT INTO rulerhs(ruleid,pos,sym)VALUES(102,0,253);
INSERT INTO rulerhs(ruleid,pos,sym)VALUES(102,1,212);
INSERT INTO rulerhs(ruleid,pos,sym)VALUES(102,2,192);
INSERT INTO rulerhs(ruleid,pos,sym)VALUES(102,3,140);
INSERT INTO rulerhs(ruleid,pos,sym)VALUES(102,4,108);
INSERT INTO rule(ruleid,lhs,txt)VALUES(103,254,'as ::= AS nm');
INSERT INTO rulerhs(ruleid,pos,sym)VALUES(103,0,24);
INSERT INTO rulerhs(ruleid,pos,sym)VALUES(103,1,192);
INSERT INTO rule(ruleid,lhs,txt)VALUES(104,254,'as ::=');
INSERT INTO rule(ruleid,lhs,txt)VALUES(105,244,'from ::=');
INSERT INTO rule(ruleid,lhs,txt)VALUES(106,244,'from ::= FROM seltablist');
INSERT INTO rulerhs(ruleid,pos,sym)VALUES(106,0,141);
INSERT INTO rulerhs(ruleid,pos,sym)VALUES(106,1,255);
INSERT INTO rule(ruleid,lhs,txt)VALUES(107,256,'stl_prefix ::= seltablist joinop');
INSERT INTO rulerhs(ruleid,pos,sym)VALUES(107,0,255);
INSERT INTO rulerhs(ruleid,pos,sym)VALUES(107,1,257);
INSERT INTO rule(ruleid,lhs,txt)VALUES(108,256,'stl_prefix ::=');
INSERT INTO rule(ruleid,lhs,txt)VALUES(109,255,'seltablist ::= stl_prefix nm dbnm as indexed_opt on_opt using_opt');
INSERT INTO rulerhs(ruleid,pos,sym)VALUES(109,0,256);
INSERT INTO rulerhs(ruleid,pos,sym)VALUES(109,1,192);
INSERT INTO rulerhs(ruleid,pos,sym)VALUES(109,2,199);
INSERT INTO rulerhs(ruleid,pos,sym)VALUES(109,3,254);
INSERT INTO rulerhs(ruleid,pos,sym)VALUES(109,4,258);
INSERT INTO rulerhs(ruleid,pos,sym)VALUES(109,5,259);
INSERT INTO rulerhs(ruleid,pos,sym)VALUES(109,6,260);
INSERT INTO rule(ruleid,lhs,txt)VALUES(110,255,'seltablist ::= stl_prefix nm dbnm LP exprlist RP as on_opt using_opt');
INSERT INTO rulerhs(ruleid,pos,sym)VALUES(110,0,256);
INSERT INTO rulerhs(ruleid,pos,sym)VALUES(110,1,192);
INSERT INTO rulerhs(ruleid,pos,sym)VALUES(110,2,199);
INSERT INTO rulerhs(ruleid,pos,sym)VALUES(110,3,22);
INSERT INTO rulerhs(ruleid,pos,sym)VALUES(110,4,261);
INSERT INTO rulerhs(ruleid,pos,sym)VALUES(110,5,23);
INSERT INTO rulerhs(ruleid,pos,sym)VALUES(110,6,254);
INSERT INTO rulerhs(ruleid,pos,sym)VALUES(110,7,259);
INSERT INTO rulerhs(ruleid,pos,sym)VALUES(110,8,260);
INSERT INTO rule(ruleid,lhs,txt)VALUES(111,255,'seltablist ::= stl_prefix LP select RP as on_opt using_opt');
INSERT INTO rulerhs(ruleid,pos,sym)VALUES(111,0,256);
INSERT INTO rulerhs(ruleid,pos,sym)VALUES(111,1,22);
INSERT INTO rulerhs(ruleid,pos,sym)VALUES(111,2,203);
INSERT INTO rulerhs(ruleid,pos,sym)VALUES(111,3,23);
INSERT INTO rulerhs(ruleid,pos,sym)VALUES(111,4,254);
INSERT INTO rulerhs(ruleid,pos,sym)VALUES(111,5,259);
INSERT INTO rulerhs(ruleid,pos,sym)VALUES(111,6,260);
INSERT INTO rule(ruleid,lhs,txt)VALUES(112,255,'seltablist ::= stl_prefix LP seltablist RP as on_opt using_opt');
INSERT INTO rulerhs(ruleid,pos,sym)VALUES(112,0,256);
INSERT INTO rulerhs(ruleid,pos,sym)VALUES(112,1,22);
INSERT INTO rulerhs(ruleid,pos,sym)VALUES(112,2,255);
INSERT INTO rulerhs(ruleid,pos,sym)VALUES(112,3,23);
INSERT INTO rulerhs(ruleid,pos,sym)VALUES(112,4,254);
INSERT INTO rulerhs(ruleid,pos,sym)VALUES(112,5,259);
INSERT INTO rulerhs(ruleid,pos,sym)VALUES(112,6,260);
INSERT INTO rule(ruleid,lhs,txt)VALUES(113,199,'dbnm ::=');
INSERT INTO rule(ruleid,lhs,txt)VALUES(114,199,'dbnm ::= DOT nm');
INSERT INTO rulerhs(ruleid,pos,sym)VALUES(114,0,140);
INSERT INTO rulerhs(ruleid,pos,sym)VALUES(114,1,192);
INSERT INTO rule(ruleid,lhs,txt)VALUES(115,237,'fullname ::= nm');
INSERT INTO rulerhs(ruleid,pos,sym)VALUES(115,0,192);
INSERT INTO rule(ruleid,lhs,txt)VALUES(116,237,'fullname ::= nm DOT nm');
INSERT INTO rulerhs(ruleid,pos,sym)VALUES(116,0,192);
INSERT INTO rulerhs(ruleid,pos,sym)VALUES(116,1,140);
INSERT INTO rulerhs(ruleid,pos,sym)VALUES(116,2,192);
INSERT INTO rule(ruleid,lhs,txt)VALUES(117,262,'xfullname ::= nm');
INSERT INTO rulerhs(ruleid,pos,sym)VALUES(117,0,192);
INSERT INTO rule(ruleid,lhs,txt)VALUES(118,262,'xfullname ::= nm DOT nm');
INSERT INTO rulerhs(ruleid,pos,sym)VALUES(118,0,192);
INSERT INTO rulerhs(ruleid,pos,sym)VALUES(118,1,140);
INSERT INTO rulerhs(ruleid,pos,sym)VALUES(118,2,192);
INSERT INTO rule(ruleid,lhs,txt)VALUES(119,262,'xfullname ::= nm DOT nm AS nm');
INSERT INTO rulerhs(ruleid,pos,sym)VALUES(119,0,192);
INSERT INTO rulerhs(ruleid,pos,sym)VALUES(119,1,140);
INSERT INTO rulerhs(ruleid,pos,sym)VALUES(119,2,192);
INSERT INTO rulerhs(ruleid,pos,sym)VALUES(119,3,24);
INSERT INTO rulerhs(ruleid,pos,sym)VALUES(119,4,192);
INSERT INTO rule(ruleid,lhs,txt)VALUES(120,262,'xfullname ::= nm AS nm');
INSERT INTO rulerhs(ruleid,pos,sym)VALUES(120,0,192);
INSERT INTO rulerhs(ruleid,pos,sym)VALUES(120,1,24);
INSERT INTO rulerhs(ruleid,pos,sym)VALUES(120,2,192);
INSERT INTO rule(ruleid,lhs,txt)VALUES(121,257,'joinop ::= COMMA|JOIN');
INSERT INTO rulerhs(ruleid,pos,sym)VALUES(121,0,25);
INSERT INTO rulerhs(ruleid,pos,sym)VALUES(121,0,142);
INSERT INTO rule(ruleid,lhs,txt)VALUES(122,257,'joinop ::= JOIN_KW JOIN');
INSERT INTO rulerhs(ruleid,pos,sym)VALUES(122,0,117);
INSERT INTO rulerhs(ruleid,pos,sym)VALUES(122,1,142);
INSERT INTO rule(ruleid,lhs,txt)VALUES(123,257,'joinop ::= JOIN_KW nm JOIN');
INSERT INTO rulerhs(ruleid,pos,sym)VALUES(123,0,117);
INSERT INTO rulerhs(ruleid,pos,sym)VALUES(123,1,192);
INSERT INTO rulerhs(ruleid,pos,sym)VALUES(123,2,142);
INSERT INTO rule(ruleid,lhs,txt)VALUES(124,257,'joinop ::= JOIN_KW nm nm JOIN');
INSERT INTO rulerhs(ruleid,pos,sym)VALUES(124,0,117);
INSERT INTO rulerhs(ruleid,pos,sym)VALUES(124,1,192);
INSERT INTO rulerhs(ruleid,pos,sym)VALUES(124,2,192);
INSERT INTO rulerhs(ruleid,pos,sym)VALUES(124,3,142);
INSERT INTO rule(ruleid,lhs,txt)VALUES(125,259,'on_opt ::= ON expr');
INSERT INTO rulerhs(ruleid,pos,sym)VALUES(125,0,114);
INSERT INTO rulerhs(ruleid,pos,sym)VALUES(125,1,216);
INSERT INTO rule(ruleid,lhs,txt)VALUES(126,259,'on_opt ::=');
INSERT INTO rule(ruleid,lhs,txt)VALUES(127,258,'indexed_opt ::=');
INSERT INTO rule(ruleid,lhs,txt)VALUES(128,258,'indexed_opt ::= INDEXED BY nm');
INSERT INTO rulerhs(ruleid,pos,sym)VALUES(128,0,115);
INSERT INTO rulerhs(ruleid,pos,sym)VALUES(128,1,34);
INSERT INTO rulerhs(ruleid,pos,sym)VALUES(128,2,192);
INSERT INTO rule(ruleid,lhs,txt)VALUES(129,258,'indexed_opt ::= NOT INDEXED');
INSERT INTO rulerhs(ruleid,pos,sym)VALUES(129,0,19);
INSERT INTO rulerhs(ruleid,pos,sym)VALUES(129,1,115);
INSERT INTO rule(ruleid,lhs,txt)VALUES(130,260,'using_opt ::= USING LP idlist RP');
INSERT INTO rulerhs(ruleid,pos,sym)VALUES(130,0,143);
INSERT INTO rulerhs(ruleid,pos,sym)VALUES(130,1,22);
INSERT INTO rulerhs(ruleid,pos,sym)VALUES(130,2,263);
INSERT INTO rulerhs(ruleid,pos,sym)VALUES(130,3,23);
INSERT INTO rule(ruleid,lhs,txt)VALUES(131,260,'using_opt ::=');
INSERT INTO rule(ruleid,lhs,txt)VALUES(132,248,'orderby_opt ::=');
INSERT INTO rule(ruleid,lhs,txt)VALUES(133,248,'orderby_opt ::= ORDER BY sortlist');
INSERT INTO rulerhs(ruleid,pos,sym)VALUES(133,0,144);
INSERT INTO rulerhs(ruleid,pos,sym)VALUES(133,1,34);
INSERT INTO rulerhs(ruleid,pos,sym)VALUES(133,2,230);
INSERT INTO rule(ruleid,lhs,txt)VALUES(134,230,'sortlist ::= sortlist COMMA expr sortorder nulls');
INSERT INTO rulerhs(ruleid,pos,sym)VALUES(134,0,230);
INSERT INTO rulerhs(ruleid,pos,sym)VALUES(134,1,25);
INSERT INTO rulerhs(ruleid,pos,sym)VALUES(134,2,216);
INSERT INTO rulerhs(ruleid,pos,sym)VALUES(134,3,218);
INSERT INTO rulerhs(ruleid,pos,sym)VALUES(134,4,264);
INSERT INTO rule(ruleid,lhs,txt)VALUES(135,230,'sortlist ::= expr sortorder nulls');
INSERT INTO rulerhs(ruleid,pos,sym)VALUES(135,0,216);
INSERT INTO rulerhs(ruleid,pos,sym)VALUES(135,1,218);
INSERT INTO rulerhs(ruleid,pos,sym)VALUES(135,2,264);
INSERT INTO rule(ruleid,lhs,txt)VALUES(136,218,'sortorder ::= ASC');
INSERT INTO rulerhs(ruleid,pos,sym)VALUES(136,0,31);
INSERT INTO rule(ruleid,lhs,txt)VALUES(137,218,'sortorder ::= DESC');
INSERT INTO rulerhs(ruleid,pos,sym)VALUES(137,0,39);
INSERT INTO rule(ruleid,lhs,txt)VALUES(138,218,'sortorder ::=');
INSERT INTO rule(ruleid,lhs,txt)VALUES(139,264,'nulls ::= NULLS FIRST');
INSERT INTO rulerhs(ruleid,pos,sym)VALUES(139,0,82);
INSERT INTO rulerhs(ruleid,pos,sym)VALUES(139,1,83);
INSERT INTO rule(ruleid,lhs,txt)VALUES(140,264,'nulls ::= NULLS LAST');
INSERT INTO rulerhs(ruleid,pos,sym)VALUES(140,0,82);
INSERT INTO rulerhs(ruleid,pos,sym)VALUES(140,1,84);
INSERT INTO rule(ruleid,lhs,txt)VALUES(141,264,'nulls ::=');
INSERT INTO rule(ruleid,lhs,txt)VALUES(142,246,'groupby_opt ::=');
INSERT INTO rule(ruleid,lhs,txt)VALUES(143,246,'groupby_opt ::= GROUP BY nexprlist');
INSERT INTO rulerhs(ruleid,pos,sym)VALUES(143,0,145);
INSERT INTO rulerhs(ruleid,pos,sym)VALUES(143,1,34);
INSERT INTO rulerhs(ruleid,pos,sym)VALUES(143,2,252);
INSERT INTO rule(ruleid,lhs,txt)VALUES(144,247,'having_opt ::=');
INSERT INTO rule(ruleid,lhs,txt)VALUES(145,247,'having_opt ::= HAVING expr');
INSERT INTO rulerhs(ruleid,pos,sym)VALUES(145,0,146);
INSERT INTO rulerhs(ruleid,pos,sym)VALUES(145,1,216);
INSERT INTO rule(ruleid,lhs,txt)VALUES(146,249,'limit_opt ::=');
INSERT INTO rule(ruleid,lhs,txt)VALUES(147,249,'limit_opt ::= LIMIT expr');
INSERT INTO rulerhs(ruleid,pos,sym)VALUES(147,0,147);
INSERT INTO rulerhs(ruleid,pos,sym)VALUES(147,1,216);
INSERT INTO rule(ruleid,lhs,txt)VALUES(148,249,'limit_opt ::= LIMIT expr OFFSET expr');
INSERT INTO rulerhs(ruleid,pos,sym)VALUES(148,0,147);
INSERT INTO rulerhs(ruleid,pos,sym)VALUES(148,1,216);
INSERT INTO rulerhs(ruleid,pos,sym)VALUES(148,2,69);
INSERT INTO rulerhs(ruleid,pos,sym)VALUES(148,3,216);
INSERT INTO rule(ruleid,lhs,txt)VALUES(149,249,'limit_opt ::= LIMIT expr COMMA expr');
INSERT INTO rulerhs(ruleid,pos,sym)VALUES(149,0,147);
INSERT INTO rulerhs(ruleid,pos,sym)VALUES(149,1,216);
INSERT INTO rulerhs(ruleid,pos,sym)VALUES(149,2,25);
INSERT INTO rulerhs(ruleid,pos,sym)VALUES(149,3,216);
INSERT INTO rule(ruleid,lhs,txt)VALUES(150,189,'cmd ::= with DELETE FROM xfullname indexed_opt where_opt_ret');
INSERT INTO rulerhs(ruleid,pos,sym)VALUES(150,0,265);
INSERT INTO rulerhs(ruleid,pos,sym)VALUES(150,1,127);
INSERT INTO rulerhs(ruleid,pos,sym)VALUES(150,2,141);
INSERT INTO rulerhs(ruleid,pos,sym)VALUES(150,3,262);
INSERT INTO rulerhs(ruleid,pos,sym)VALUES(150,4,258);
INSERT INTO rulerhs(ruleid,pos,sym)VALUES(150,5,266);
INSERT INTO rule(ruleid,lhs,txt)VALUES(151,245,'where_opt ::=');
INSERT INTO rule(ruleid,lhs,txt)VALUES(152,245,'where_opt ::= WHERE expr');
INSERT INTO rulerhs(ruleid,pos,sym)VALUES(152,0,148);
INSERT INTO rulerhs(ruleid,pos,sym)VALUES(152,1,216);
INSERT INTO rule(ruleid,lhs,txt)VALUES(153,266,'where_opt_ret ::=');
INSERT INTO rule(ruleid,lhs,txt)VALUES(154,266,'where_opt_ret ::= WHERE expr');
INSERT INTO rulerhs(ruleid,pos,sym)VALUES(154,0,148);
INSERT INTO rulerhs(ruleid,pos,sym)VALUES(154,1,216);
INSERT INTO rule(ruleid,lhs,txt)VALUES(155,266,'where_opt_ret ::= RETURNING selcollist');
INSERT INTO rulerhs(ruleid,pos,sym)VALUES(155,0,149);
INSERT INTO rulerhs(ruleid,pos,sym)VALUES(155,1,243);
INSERT INTO rule(ruleid,lhs,txt)VALUES(156,266,'where_opt_ret ::= WHERE expr RETURNING selcollist');
INSERT INTO rulerhs(ruleid,pos,sym)VALUES(156,0,148);
INSERT INTO rulerhs(ruleid,pos,sym)VALUES(156,1,216);
INSERT INTO rulerhs(ruleid,pos,sym)VALUES(156,2,149);
INSERT INTO rulerhs(ruleid,pos,sym)VALUES(156,3,243);
INSERT INTO rule(ruleid,lhs,txt)VALUES(157,189,'cmd ::= with UPDATE orconf xfullname indexed_opt SET setlist from where_opt_ret');
INSERT INTO rulerhs(ruleid,pos,sym)VALUES(157,0,265);
INSERT INTO rulerhs(ruleid,pos,sym)VALUES(157,1,128);
INSERT INTO rulerhs(ruleid,pos,sym)VALUES(157,2,233);
INSERT INTO rulerhs(ruleid,pos,sym)VALUES(157,3,262);
INSERT INTO rulerhs(ruleid,pos,sym)VALUES(157,4,258);
INSERT INTO rulerhs(ruleid,pos,sym)VALUES(157,5,129);
INSERT INTO rulerhs(ruleid,pos,sym)VALUES(157,6,267);
INSERT INTO rulerhs(ruleid,pos,sym)VALUES(157,7,244);
INSERT INTO rulerhs(ruleid,pos,sym)VALUES(157,8,266);
INSERT INTO rule(ruleid,lhs,txt)VALUES(158,267,'setlist ::= setlist COMMA nm EQ expr');
INSERT INTO rulerhs(ruleid,pos,sym)VALUES(158,0,267);
INSERT INTO rulerhs(ruleid,pos,sym)VALUES(158,1,25);
INSERT INTO rulerhs(ruleid,pos,sym)VALUES(158,2,192);
INSERT INTO rulerhs(ruleid,pos,sym)VALUES(158,3,53);
INSERT INTO rulerhs(ruleid,pos,sym)VALUES(158,4,216);
INSERT INTO rule(ruleid,lhs,txt)VALUES(159,267,'setlist ::= setlist COMMA LP idlist RP EQ expr');
INSERT INTO rulerhs(ruleid,pos,sym)VALUES(159,0,267);
INSERT INTO rulerhs(ruleid,pos,sym)VALUES(159,1,25);
INSERT INTO rulerhs(ruleid,pos,sym)VALUES(159,2,22);
INSERT INTO rulerhs(ruleid,pos,sym)VALUES(159,3,263);
INSERT INTO rulerhs(ruleid,pos,sym)VALUES(159,4,23);
INSERT INTO rulerhs(ruleid,pos,sym)VALUES(159,5,53);
INSERT INTO rulerhs(ruleid,pos,sym)VALUES(159,6,216);
INSERT INTO rule(ruleid,lhs,txt)VALUES(160,267,'setlist ::= nm EQ expr');
INSERT INTO rulerhs(ruleid,pos,sym)VALUES(160,0,192);
INSERT INTO rulerhs(ruleid,pos,sym)VALUES(160,1,53);
INSERT INTO rulerhs(ruleid,pos,sym)VALUES(160,2,216);
INSERT INTO rule(ruleid,lhs,txt)VALUES(161,267,'setlist ::= LP idlist RP EQ expr');
INSERT INTO rulerhs(ruleid,pos,sym)VALUES(161,0,22);
INSERT INTO rulerhs(ruleid,pos,sym)VALUES(161,1,263);
INSERT INTO rulerhs(ruleid,pos,sym)VALUES(161,2,23);
INSERT INTO rulerhs(ruleid,pos,sym)VALUES(161,3,53);
INSERT INTO rulerhs(ruleid,pos,sym)VALUES(161,4,216);
INSERT INTO rule(ruleid,lhs,txt)VALUES(162,189,'cmd ::= with insert_cmd INTO xfullname idlist_opt select upsert');
INSERT INTO rulerhs(ruleid,pos,sym)VALUES(162,0,265);
INSERT INTO rulerhs(ruleid,pos,sym)VALUES(162,1,268);
INSERT INTO rulerhs(ruleid,pos,sym)VALUES(162,2,150);
INSERT INTO rulerhs(ruleid,pos,sym)VALUES(162,3,262);
INSERT INTO rulerhs(ruleid,pos,sym)VALUES(162,4,269);
INSERT INTO rulerhs(ruleid,pos,sym)VALUES(162,5,203);
INSERT INTO rulerhs(ruleid,pos,sym)VALUES(162,6,270);
INSERT INTO rule(ruleid,lhs,txt)VALUES(163,189,'cmd ::= with insert_cmd INTO xfullname idlist_opt DEFAULT VALUES returning');
INSERT INTO rulerhs(ruleid,pos,sym)VALUES(163,0,265);
INSERT INTO rulerhs(ruleid,pos,sym)VALUES(163,1,268);
INSERT INTO rulerhs(ruleid,pos,sym)VALUES(163,2,150);
INSERT INTO rulerhs(ruleid,pos,sym)VALUES(163,3,262);
INSERT INTO rulerhs(ruleid,pos,sym)VALUES(163,4,269);
INSERT INTO rulerhs(ruleid,pos,sym)VALUES(163,5,119);
INSERT INTO rulerhs(ruleid,pos,sym)VALUES(163,6,138);
INSERT INTO rulerhs(ruleid,pos,sym)VALUES(163,7,271);
INSERT INTO rule(ruleid,lhs,txt)VALUES(164,270,'upsert ::=');
INSERT INTO rule(ruleid,lhs,txt)VALUES(165,270,'upsert ::= RETURNING selcollist');
INSERT INTO rulerhs(ruleid,pos,sym)VALUES(165,0,149);
INSERT INTO rulerhs(ruleid,pos,sym)VALUES(165,1,243);
INSERT INTO rule(ruleid,lhs,txt)VALUES(166,270,'upsert ::= ON CONFLICT LP sortlist RP where_opt DO UPDATE SET setlist where_opt upsert');
INSERT INTO rulerhs(ruleid,pos,sym)VALUES(166,0,114);
INSERT INTO rulerhs(ruleid,pos,sym)VALUES(166,1,37);
INSERT INTO rulerhs(ruleid,pos,sym)VALUES(166,2,22);
INSERT INTO rulerhs(ruleid,pos,sym)VALUES(166,3,230);
INSERT INTO rulerhs(ruleid,pos,sym)VALUES(166,4,23);
INSERT INTO rulerhs(ruleid,pos,sym)VALUES(166,5,245);
INSERT INTO rulerhs(ruleid,pos,sym)VALUES(166,6,61);
INSERT INTO rulerhs(ruleid,pos,sym)VALUES(166,7,128);
INSERT INTO rulerhs(ruleid,pos,sym)VALUES(166,8,129);
INSERT INTO rulerhs(ruleid,pos,sym)VALUES(166,9,267);
INSERT INTO rulerhs(ruleid,pos,sym)VALUES(166,10,245);
INSERT INTO rulerhs(ruleid,pos,sym)VALUES(166,11,270);
INSERT INTO rule(ruleid,lhs,txt)VALUES(167,270,'upsert ::= ON CONFLICT LP sortlist RP where_opt DO NOTHING upsert');
INSERT INTO rulerhs(ruleid,pos,sym)VALUES(167,0,114);
INSERT INTO rulerhs(ruleid,pos,sym)VALUES(167,1,37);
INSERT INTO rulerhs(ruleid,pos,sym)VALUES(167,2,22);
INSERT INTO rulerhs(ruleid,pos,sym)VALUES(167,3,230);
INSERT INTO rulerhs(ruleid,pos,sym)VALUES(167,4,23);
INSERT INTO rulerhs(ruleid,pos,sym)VALUES(167,5,245);
INSERT INTO rulerhs(ruleid,pos,sym)VALUES(167,6,61);
INSERT INTO rulerhs(ruleid,pos,sym)VALUES(167,7,151);
INSERT INTO rulerhs(ruleid,pos,sym)VALUES(167,8,270);
INSERT INTO rule(ruleid,lhs,txt)VALUES(168,270,'upsert ::= ON CONFLICT DO NOTHING returning');
INSERT INTO rulerhs(ruleid,pos,sym)VALUES(168,0,114);
INSERT INTO rulerhs(ruleid,pos,sym)VALUES(168,1,37);
INSERT INTO rulerhs(ruleid,pos,sym)VALUES(168,2,61);
INSERT INTO rulerhs(ruleid,pos,sym)VALUES(168,3,151);
INSERT INTO rulerhs(ruleid,pos,sym)VALUES(168,4,271);
INSERT INTO rule(ruleid,lhs,txt)VALUES(169,270,'upsert ::= ON CONFLICT DO UPDATE SET setlist where_opt returning');
INSERT INTO rulerhs(ruleid,pos,sym)VALUES(169,0,114);
INSERT INTO rulerhs(ruleid,pos,sym)VALUES(169,1,37);
INSERT INTO rulerhs(ruleid,pos,sym)VALUES(169,2,61);
INSERT INTO rulerhs(ruleid,pos,sym)VALUES(169,3,128);
INSERT INTO rulerhs(ruleid,pos,sym)VALUES(169,4,129);
INSERT INTO rulerhs(ruleid,pos,sym)VALUES(169,5,267);
INSERT INTO rulerhs(ruleid,pos,sym)VALUES(169,6,245);
INSERT INTO rulerhs(ruleid,pos,sym)VALUES(169,7,271);
INSERT INTO rule(ruleid,lhs,txt)VALUES(170,271,'returning ::= RETURNING selcollist');
INSERT INTO rulerhs(ruleid,pos,sym)VALUES(170,0,149);
INSERT INTO rulerhs(ruleid,pos,sym)VALUES(170,1,243);
INSERT INTO rule(ruleid,lhs,txt)VALUES(171,268,'insert_cmd ::= INSERT orconf');
INSERT INTO rulerhs(ruleid,pos,sym)VALUES(171,0,126);
INSERT INTO rulerhs(ruleid,pos,sym)VALUES(171,1,233);
INSERT INTO rule(ruleid,lhs,txt)VALUES(172,268,'insert_cmd ::= REPLACE');
INSERT INTO rulerhs(ruleid,pos,sym)VALUES(172,0,73);
INSERT INTO rule(ruleid,lhs,txt)VALUES(173,269,'idlist_opt ::=');
INSERT INTO rule(ruleid,lhs,txt)VALUES(174,269,'idlist_opt ::= LP idlist RP');
INSERT INTO rulerhs(ruleid,pos,sym)VALUES(174,0,22);
INSERT INTO rulerhs(ruleid,pos,sym)VALUES(174,1,263);
INSERT INTO rulerhs(ruleid,pos,sym)VALUES(174,2,23);
INSERT INTO rule(ruleid,lhs,txt)VALUES(175,263,'idlist ::= idlist COMMA nm');
INSERT INTO rulerhs(ruleid,pos,sym)VALUES(175,0,263);
INSERT INTO rulerhs(ruleid,pos,sym)VALUES(175,1,25);
INSERT INTO rulerhs(ruleid,pos,sym)VALUES(175,2,192);
INSERT INTO rule(ruleid,lhs,txt)VALUES(176,263,'idlist ::= nm');
INSERT INTO rulerhs(ruleid,pos,sym)VALUES(176,0,192);
INSERT INTO rule(ruleid,lhs,txt)VALUES(177,216,'expr ::= LP expr RP');
INSERT INTO rulerhs(ruleid,pos,sym)VALUES(177,0,22);
INSERT INTO rulerhs(ruleid,pos,sym)VALUES(177,1,216);
INSERT INTO rulerhs(ruleid,pos,sym)VALUES(177,2,23);
INSERT INTO rule(ruleid,lhs,txt)VALUES(178,216,'expr ::= ID|INDEXED');
INSERT INTO rulerhs(ruleid,pos,sym)VALUES(178,0,59);
INSERT INTO rulerhs(ruleid,pos,sym)VALUES(178,0,115);
INSERT INTO rule(ruleid,lhs,txt)VALUES(179,216,'expr ::= JOIN_KW');
INSERT INTO rulerhs(ruleid,pos,sym)VALUES(179,0,117);
INSERT INTO rule(ruleid,lhs,txt)VALUES(180,216,'expr ::= nm DOT nm');
INSERT INTO rulerhs(ruleid,pos,sym)VALUES(180,0,192);
INSERT INTO rulerhs(ruleid,pos,sym)VALUES(180,1,140);
INSERT INTO rulerhs(ruleid,pos,sym)VALUES(180,2,192);
INSERT INTO rule(ruleid,lhs,txt)VALUES(181,216,'expr ::= nm DOT nm DOT nm');
INSERT INTO rulerhs(ruleid,pos,sym)VALUES(181,0,192);
INSERT INTO rulerhs(ruleid,pos,sym)VALUES(181,1,140);
INSERT INTO rulerhs(ruleid,pos,sym)VALUES(181,2,192);
INSERT INTO rulerhs(ruleid,pos,sym)VALUES(181,3,140);
INSERT INTO rulerhs(ruleid,pos,sym)VALUES(181,4,192);
INSERT INTO rule(ruleid,lhs,txt)VALUES(182,215,'term ::= NULL|FLOAT|BLOB');
INSERT INTO rulerhs(ruleid,pos,sym)VALUES(182,0,120);
INSERT INTO rulerhs(ruleid,pos,sym)VALUES(182,0,152);
INSERT INTO rulerhs(ruleid,pos,sym)VALUES(182,0,153);
INSERT INTO rule(ruleid,lhs,txt)VALUES(183,215,'term ::= STRING');
INSERT INTO rulerhs(ruleid,pos,sym)VALUES(183,0,116);
INSERT INTO rule(ruleid,lhs,txt)VALUES(184,215,'term ::= INTEGER');
INSERT INTO rulerhs(ruleid,pos,sym)VALUES(184,0,154);
INSERT INTO rule(ruleid,lhs,txt)VALUES(185,216,'expr ::= VARIABLE');
INSERT INTO rulerhs(ruleid,pos,sym)VALUES(185,0,155);
INSERT INTO rule(ruleid,lhs,txt)VALUES(186,216,'expr ::= expr COLLATE ID|STRING');
INSERT INTO rulerhs(ruleid,pos,sym)VALUES(186,0,216);
INSERT INTO rulerhs(ruleid,pos,sym)VALUES(186,1,112);
INSERT INTO rulerhs(ruleid,pos,sym)VALUES(186,2,59);
INSERT INTO rulerhs(ruleid,pos,sym)VALUES(186,2,116);
INSERT INTO rule(ruleid,lhs,txt)VALUES(187,216,'expr ::= CAST LP expr AS typetoken RP');
INSERT INTO rulerhs(ruleid,pos,sym)VALUES(187,0,36);
INSERT INTO rulerhs(ruleid,pos,sym)VALUES(187,1,22);
INSERT INTO rulerhs(ruleid,pos,sym)VALUES(187,2,216);
INSERT INTO rulerhs(ruleid,pos,sym)VALUES(187,3,24);
INSERT INTO rulerhs(ruleid,pos,sym)VALUES(187,4,207);
INSERT INTO rulerhs(ruleid,pos,sym)VALUES(187,5,23);
INSERT INTO rule(ruleid,lhs,txt)VALUES(188,216,'expr ::= ID|INDEXED LP distinct exprlist RP');
INSERT INTO rulerhs(ruleid,pos,sym)VALUES(188,0,59);
INSERT INTO rulerhs(ruleid,pos,sym)VALUES(188,0,115);
INSERT INTO rulerhs(ruleid,pos,sym)VALUES(188,1,22);
INSERT INTO rulerhs(ruleid,pos,sym)VALUES(188,2,242);
INSERT INTO rulerhs(ruleid,pos,sym)VALUES(188,3,261);
INSERT INTO rulerhs(ruleid,pos,sym)VALUES(188,4,23);
INSERT INTO rule(ruleid,lhs,txt)VALUES(189,216,'expr ::= ID|INDEXED LP STAR RP');
INSERT INTO rulerhs(ruleid,pos,sym)VALUES(189,0,59);
INSERT INTO rulerhs(ruleid,pos,sym)VALUES(189,0,115);
INSERT INTO rulerhs(ruleid,pos,sym)VALUES(189,1,22);
INSERT INTO rulerhs(ruleid,pos,sym)VALUES(189,2,108);
INSERT INTO rulerhs(ruleid,pos,sym)VALUES(189,3,23);
INSERT INTO rule(ruleid,lhs,txt)VALUES(190,216,'expr ::= ID|INDEXED LP distinct exprlist RP filter_over');
INSERT INTO rulerhs(ruleid,pos,sym)VALUES(190,0,59);
INSERT INTO rulerhs(ruleid,pos,sym)VALUES(190,0,115);
INSERT INTO rulerhs(ruleid,pos,sym)VALUES(190,1,22);
INSERT INTO rulerhs(ruleid,pos,sym)VALUES(190,2,242);
INSERT INTO rulerhs(ruleid,pos,sym)VALUES(190,3,261);
INSERT INTO rulerhs(ruleid,pos,sym)VALUES(190,4,23);
INSERT INTO rulerhs(ruleid,pos,sym)VALUES(190,5,272);
INSERT INTO rule(ruleid,lhs,txt)VALUES(191,216,'expr ::= ID|INDEXED LP STAR RP filter_over');
INSERT INTO rulerhs(ruleid,pos,sym)VALUES(191,0,59);
INSERT INTO rulerhs(ruleid,pos,sym)VALUES(191,0,115);
INSERT INTO rulerhs(ruleid,pos,sym)VALUES(191,1,22);
INSERT INTO rulerhs(ruleid,pos,sym)VALUES(191,2,108);
INSERT INTO rulerhs(ruleid,pos,sym)VALUES(191,3,23);
INSERT INTO rulerhs(ruleid,pos,sym)VALUES(191,4,272);
INSERT INTO rule(ruleid,lhs,txt)VALUES(192,215,'term ::= CTIME_KW');
INSERT INTO rulerhs(ruleid,pos,sym)VALUES(192,0,100);
INSERT INTO rule(ruleid,lhs,txt)VALUES(193,216,'expr ::= LP nexprlist COMMA expr RP');
INSERT INTO rulerhs(ruleid,pos,sym)VALUES(193,0,22);
INSERT INTO rulerhs(ruleid,pos,sym)VALUES(193,1,252);
INSERT INTO rulerhs(ruleid,pos,sym)VALUES(193,2,25);
INSERT INTO rulerhs(ruleid,pos,sym)VALUES(193,3,216);
INSERT INTO rulerhs(ruleid,pos,sym)VALUES(193,4,23);
INSERT INTO rule(ruleid,lhs,txt)VALUES(194,216,'expr ::= expr AND expr');
INSERT INTO rulerhs(ruleid,pos,sym)VALUES(194,0,216);
INSERT INTO rulerhs(ruleid,pos,sym)VALUES(194,1,44);
INSERT INTO rulerhs(ruleid,pos,sym)VALUES(194,2,216);
INSERT INTO rule(ruleid,lhs,txt)VALUES(195,216,'expr ::= expr OR expr');
INSERT INTO rulerhs(ruleid,pos,sym)VALUES(195,0,216);
INSERT INTO rulerhs(ruleid,pos,sym)VALUES(195,1,43);
INSERT INTO rulerhs(ruleid,pos,sym)VALUES(195,2,216);
INSERT INTO rule(ruleid,lhs,txt)VALUES(196,216,'expr ::= expr LT|GT|GE|LE expr');
INSERT INTO rulerhs(ruleid,pos,sym)VALUES(196,0,216);
INSERT INTO rulerhs(ruleid,pos,sym)VALUES(196,1,56);
INSERT INTO rulerhs(ruleid,pos,sym)VALUES(196,1,54);
INSERT INTO rulerhs(ruleid,pos,sym)VALUES(196,1,57);
INSERT INTO rulerhs(ruleid,pos,sym)VALUES(196,1,55);
INSERT INTO rulerhs(ruleid,pos,sym)VALUES(196,2,216);
INSERT INTO rule(ruleid,lhs,txt)VALUES(197,216,'expr ::= expr EQ|NE expr');
INSERT INTO rulerhs(ruleid,pos,sym)VALUES(197,0,216);
INSERT INTO rulerhs(ruleid,pos,sym)VALUES(197,1,53);
INSERT INTO rulerhs(ruleid,pos,sym)VALUES(197,1,52);
INSERT INTO rulerhs(ruleid,pos,sym)VALUES(197,2,216);
INSERT INTO rule(ruleid,lhs,txt)VALUES(198,216,'expr ::= expr BITAND|BITOR|LSHIFT|RSHIFT expr');
INSERT INTO rulerhs(ruleid,pos,sym)VALUES(198,0,216);
INSERT INTO rulerhs(ruleid,pos,sym)VALUES(198,1,102);
INSERT INTO rulerhs(ruleid,pos,sym)VALUES(198,1,103);
INSERT INTO rulerhs(ruleid,pos,sym)VALUES(198,1,104);
INSERT INTO rulerhs(ruleid,pos,sym)VALUES(198,1,105);
INSERT INTO rulerhs(ruleid,pos,sym)VALUES(198,2,216);
INSERT INTO rule(ruleid,lhs,txt)VALUES(199,216,'expr ::= expr PLUS|MINUS expr');
INSERT INTO rulerhs(ruleid,pos,sym)VALUES(199,0,216);
INSERT INTO rulerhs(ruleid,pos,sym)VALUES(199,1,106);
INSERT INTO rulerhs(ruleid,pos,sym)VALUES(199,1,107);
INSERT INTO rulerhs(ruleid,pos,sym)VALUES(199,2,216);
INSERT INTO rule(ruleid,lhs,txt)VALUES(200,216,'expr ::= expr STAR|SLASH|REM expr');
INSERT INTO rulerhs(ruleid,pos,sym)VALUES(200,0,216);
INSERT INTO rulerhs(ruleid,pos,sym)VALUES(200,1,108);
INSERT INTO rulerhs(ruleid,pos,sym)VALUES(200,1,109);
INSERT INTO rulerhs(ruleid,pos,sym)VALUES(200,1,110);
INSERT INTO rulerhs(ruleid,pos,sym)VALUES(200,2,216);
INSERT INTO rule(ruleid,lhs,txt)VALUES(201,216,'expr ::= expr CONCAT expr');
INSERT INTO rulerhs(ruleid,pos,sym)VALUES(201,0,216);
INSERT INTO rulerhs(ruleid,pos,sym)VALUES(201,1,111);
INSERT INTO rulerhs(ruleid,pos,sym)VALUES(201,2,216);
INSERT INTO rule(ruleid,lhs,txt)VALUES(202,273,'likeop ::= NOT LIKE_KW|MATCH');
INSERT INTO rulerhs(ruleid,pos,sym)VALUES(202,0,19);
INSERT INTO rulerhs(ruleid,pos,sym)VALUES(202,1,46);
INSERT INTO rulerhs(ruleid,pos,sym)VALUES(202,1,45);
INSERT INTO rule(ruleid,lhs,txt)VALUES(203,216,'expr ::= expr likeop expr');
INSERT INTO rulerhs(ruleid,pos,sym)VALUES(203,0,216);
INSERT INTO rulerhs(ruleid,pos,sym)VALUES(203,1,273);
INSERT INTO rulerhs(ruleid,pos,sym)VALUES(203,2,216);
INSERT INTO rule(ruleid,lhs,txt)VALUES(204,216,'expr ::= expr likeop expr ESCAPE expr');
INSERT INTO rulerhs(ruleid,pos,sym)VALUES(204,0,216);
INSERT INTO rulerhs(ruleid,pos,sym)VALUES(204,1,273);
INSERT INTO rulerhs(ruleid,pos,sym)VALUES(204,2,216);
INSERT INTO rulerhs(ruleid,pos,sym)VALUES(204,3,58);
INSERT INTO rulerhs(ruleid,pos,sym)VALUES(204,4,216);
INSERT INTO rule(ruleid,lhs,txt)VALUES(205,216,'expr ::= expr ISNULL|NOTNULL');
INSERT INTO rulerhs(ruleid,pos,sym)VALUES(205,0,216);
INSERT INTO rulerhs(ruleid,pos,sym)VALUES(205,1,50);
INSERT INTO rulerhs(ruleid,pos,sym)VALUES(205,1,51);
INSERT INTO rule(ruleid,lhs,txt)VALUES(206,216,'expr ::= expr NOT NULL');
INSERT INTO rulerhs(ruleid,pos,sym)VALUES(206,0,216);
INSERT INTO rulerhs(ruleid,pos,sym)VALUES(206,1,19);
INSERT INTO rulerhs(ruleid,pos,sym)VALUES(206,2,120);
INSERT INTO rule(ruleid,lhs,txt)VALUES(207,216,'expr ::= expr IS expr');
INSERT INTO rulerhs(ruleid,pos,sym)VALUES(207,0,216);
INSERT INTO rulerhs(ruleid,pos,sym)VALUES(207,1,48);
INSERT INTO rulerhs(ruleid,pos,sym)VALUES(207,2,216);
INSERT INTO rule(ruleid,lhs,txt)VALUES(208,216,'expr ::= expr IS NOT expr');
INSERT INTO rulerhs(ruleid,pos,sym)VALUES(208,0,216);
INSERT INTO rulerhs(ruleid,pos,sym)VALUES(208,1,48);
INSERT INTO rulerhs(ruleid,pos,sym)VALUES(208,2,19);
INSERT INTO rulerhs(ruleid,pos,sym)VALUES(208,3,216);
INSERT INTO rule(ruleid,lhs,txt)VALUES(209,216,'expr ::= NOT expr');
INSERT INTO rulerhs(ruleid,pos,sym)VALUES(209,0,19);
INSERT INTO rulerhs(ruleid,pos,sym)VALUES(209,1,216);
INSERT INTO rule(ruleid,lhs,txt)VALUES(210,216,'expr ::= BITNOT expr');
INSERT INTO rulerhs(ruleid,pos,sym)VALUES(210,0,113);
INSERT INTO rulerhs(ruleid,pos,sym)VALUES(210,1,216);
INSERT INTO rule(ruleid,lhs,txt)VALUES(211,216,'expr ::= PLUS|MINUS expr');
INSERT INTO rulerhs(ruleid,pos,sym)VALUES(211,0,106);
INSERT INTO rulerhs(ruleid,pos,sym)VALUES(211,0,107);
INSERT INTO rulerhs(ruleid,pos,sym)VALUES(211,1,216);
INSERT INTO rule(ruleid,lhs,txt)VALUES(212,274,'between_op ::= BETWEEN');
INSERT INTO rulerhs(ruleid,pos,sym)VALUES(212,0,47);
INSERT INTO rule(ruleid,lhs,txt)VALUES(213,274,'between_op ::= NOT BETWEEN');
INSERT INTO rulerhs(ruleid,pos,sym)VALUES(213,0,19);
INSERT INTO rulerhs(ruleid,pos,sym)VALUES(213,1,47);
INSERT INTO rule(ruleid,lhs,txt)VALUES(214,216,'expr ::= expr between_op expr AND expr');
INSERT INTO rulerhs(ruleid,pos,sym)VALUES(214,0,216);
INSERT INTO rulerhs(ruleid,pos,sym)VALUES(214,1,274);
INSERT INTO rulerhs(ruleid,pos,sym)VALUES(214,2,216);
INSERT INTO rulerhs(ruleid,pos,sym)VALUES(214,3,44);
INSERT INTO rulerhs(ruleid,pos,sym)VALUES(214,4,216);
INSERT INTO rule(ruleid,lhs,txt)VALUES(215,275,'in_op ::= IN');
INSERT INTO rulerhs(ruleid,pos,sym)VALUES(215,0,49);
INSERT INTO rule(ruleid,lhs,txt)VALUES(216,275,'in_op ::= NOT IN');
INSERT INTO rulerhs(ruleid,pos,sym)VALUES(216,0,19);
INSERT INTO rulerhs(ruleid,pos,sym)VALUES(216,1,49);
INSERT INTO rule(ruleid,lhs,txt)VALUES(217,216,'expr ::= expr in_op LP exprlist RP');
INSERT INTO rulerhs(ruleid,pos,sym)VALUES(217,0,216);
INSERT INTO rulerhs(ruleid,pos,sym)VALUES(217,1,275);
INSERT INTO rulerhs(ruleid,pos,sym)VALUES(217,2,22);
INSERT INTO rulerhs(ruleid,pos,sym)VALUES(217,3,261);
INSERT INTO rulerhs(ruleid,pos,sym)VALUES(217,4,23);
INSERT INTO rule(ruleid,lhs,txt)VALUES(218,216,'expr ::= LP select RP');
INSERT INTO rulerhs(ruleid,pos,sym)VALUES(218,0,22);
INSERT INTO rulerhs(ruleid,pos,sym)VALUES(218,1,203);
INSERT INTO rulerhs(ruleid,pos,sym)VALUES(218,2,23);
INSERT INTO rule(ruleid,lhs,txt)VALUES(219,216,'expr ::= expr in_op LP select RP');
INSERT INTO rulerhs(ruleid,pos,sym)VALUES(219,0,216);
INSERT INTO rulerhs(ruleid,pos,sym)VALUES(219,1,275);
INSERT INTO rulerhs(ruleid,pos,sym)VALUES(219,2,22);
INSERT INTO rulerhs(ruleid,pos,sym)VALUES(219,3,203);
INSERT INTO rulerhs(ruleid,pos,sym)VALUES(219,4,23);
INSERT INTO rule(ruleid,lhs,txt)VALUES(220,216,'expr ::= expr in_op nm dbnm paren_exprlist');
INSERT INTO rulerhs(ruleid,pos,sym)VALUES(220,0,216);
INSERT INTO rulerhs(ruleid,pos,sym)VALUES(220,1,275);
INSERT INTO rulerhs(ruleid,pos,sym)VALUES(220,2,192);
INSERT INTO rulerhs(ruleid,pos,sym)VALUES(220,3,199);
INSERT INTO rulerhs(ruleid,pos,sym)VALUES(220,4,276);
INSERT INTO rule(ruleid,lhs,txt)VALUES(221,216,'expr ::= EXISTS LP select RP');
INSERT INTO rulerhs(ruleid,pos,sym)VALUES(221,0,20);
INSERT INTO rulerhs(ruleid,pos,sym)VALUES(221,1,22);
INSERT INTO rulerhs(ruleid,pos,sym)VALUES(221,2,203);
INSERT INTO rulerhs(ruleid,pos,sym)VALUES(221,3,23);
INSERT INTO rule(ruleid,lhs,txt)VALUES(222,216,'expr ::= CASE case_operand case_exprlist case_else END');
INSERT INTO rulerhs(ruleid,pos,sym)VALUES(222,0,156);
INSERT INTO rulerhs(ruleid,pos,sym)VALUES(222,1,277);
INSERT INTO rulerhs(ruleid,pos,sym)VALUES(222,2,278);
INSERT INTO rulerhs(ruleid,pos,sym)VALUES(222,3,279);
INSERT INTO rulerhs(ruleid,pos,sym)VALUES(222,4,11);
INSERT INTO rule(ruleid,lhs,txt)VALUES(223,278,'case_exprlist ::= case_exprlist WHEN expr THEN expr');
INSERT INTO rulerhs(ruleid,pos,sym)VALUES(223,0,278);
INSERT INTO rulerhs(ruleid,pos,sym)VALUES(223,1,157);
INSERT INTO rulerhs(ruleid,pos,sym)VALUES(223,2,216);
INSERT INTO rulerhs(ruleid,pos,sym)VALUES(223,3,158);
INSERT INTO rulerhs(ruleid,pos,sym)VALUES(223,4,216);
INSERT INTO rule(ruleid,lhs,txt)VALUES(224,278,'case_exprlist ::= WHEN expr THEN expr');
INSERT INTO rulerhs(ruleid,pos,sym)VALUES(224,0,157);
INSERT INTO rulerhs(ruleid,pos,sym)VALUES(224,1,216);
INSERT INTO rulerhs(ruleid,pos,sym)VALUES(224,2,158);
INSERT INTO rulerhs(ruleid,pos,sym)VALUES(224,3,216);
INSERT INTO rule(ruleid,lhs,txt)VALUES(225,279,'case_else ::= ELSE expr');
INSERT INTO rulerhs(ruleid,pos,sym)VALUES(225,0,159);
INSERT INTO rulerhs(ruleid,pos,sym)VALUES(225,1,216);
INSERT INTO rule(ruleid,lhs,txt)VALUES(226,279,'case_else ::=');
INSERT INTO rule(ruleid,lhs,txt)VALUES(227,277,'case_operand ::= expr');
INSERT INTO rulerhs(ruleid,pos,sym)VALUES(227,0,216);
INSERT INTO rule(ruleid,lhs,txt)VALUES(228,277,'case_operand ::=');
INSERT INTO rule(ruleid,lhs,txt)VALUES(229,261,'exprlist ::=');
INSERT INTO rule(ruleid,lhs,txt)VALUES(230,252,'nexprlist ::= nexprlist COMMA expr');
INSERT INTO rulerhs(ruleid,pos,sym)VALUES(230,0,252);
INSERT INTO rulerhs(ruleid,pos,sym)VALUES(230,1,25);
INSERT INTO rulerhs(ruleid,pos,sym)VALUES(230,2,216);
INSERT INTO rule(ruleid,lhs,txt)VALUES(231,252,'nexprlist ::= expr');
INSERT INTO rulerhs(ruleid,pos,sym)VALUES(231,0,216);
INSERT INTO rule(ruleid,lhs,txt)VALUES(232,276,'paren_exprlist ::=');
INSERT INTO rule(ruleid,lhs,txt)VALUES(233,276,'paren_exprlist ::= LP exprlist RP');
INSERT INTO rulerhs(ruleid,pos,sym)VALUES(233,0,22);
INSERT INTO rulerhs(ruleid,pos,sym)VALUES(233,1,261);
INSERT INTO rulerhs(ruleid,pos,sym)VALUES(233,2,23);
INSERT INTO rule(ruleid,lhs,txt)VALUES(234,189,'cmd ::= createkw uniqueflag INDEX ifnotexists nm dbnm ON nm LP sortlist RP where_opt');
INSERT INTO rulerhs(ruleid,pos,sym)VALUES(234,0,196);
INSERT INTO rulerhs(ruleid,pos,sym)VALUES(234,1,280);
INSERT INTO rulerhs(ruleid,pos,sym)VALUES(234,2,160);
INSERT INTO rulerhs(ruleid,pos,sym)VALUES(234,3,198);
INSERT INTO rulerhs(ruleid,pos,sym)VALUES(234,4,192);
INSERT INTO rulerhs(ruleid,pos,sym)VALUES(234,5,199);
INSERT INTO rulerhs(ruleid,pos,sym)VALUES(234,6,114);
INSERT INTO rulerhs(ruleid,pos,sym)VALUES(234,7,192);
INSERT INTO rulerhs(ruleid,pos,sym)VALUES(234,8,22);
INSERT INTO rulerhs(ruleid,pos,sym)VALUES(234,9,230);
INSERT INTO rulerhs(ruleid,pos,sym)VALUES(234,10,23);
INSERT INTO rulerhs(ruleid,pos,sym)VALUES(234,11,245);
INSERT INTO rule(ruleid,lhs,txt)VALUES(235,280,'uniqueflag ::= UNIQUE');
INSERT INTO rulerhs(ruleid,pos,sym)VALUES(235,0,122);
INSERT INTO rule(ruleid,lhs,txt)VALUES(236,280,'uniqueflag ::=');
INSERT INTO rule(ruleid,lhs,txt)VALUES(237,220,'eidlist_opt ::=');
INSERT INTO rule(ruleid,lhs,txt)VALUES(238,220,'eidlist_opt ::= LP eidlist RP');
INSERT INTO rulerhs(ruleid,pos,sym)VALUES(238,0,22);
INSERT INTO rulerhs(ruleid,pos,sym)VALUES(238,1,231);
INSERT INTO rulerhs(ruleid,pos,sym)VALUES(238,2,23);
INSERT INTO rule(ruleid,lhs,txt)VALUES(239,231,'eidlist ::= eidlist COMMA nm collate sortorder');
INSERT INTO rulerhs(ruleid,pos,sym)VALUES(239,0,231);
INSERT INTO rulerhs(ruleid,pos,sym)VALUES(239,1,25);
INSERT INTO rulerhs(ruleid,pos,sym)VALUES(239,2,192);
INSERT INTO rulerhs(ruleid,pos,sym)VALUES(239,3,281);
INSERT INTO rulerhs(ruleid,pos,sym)VALUES(239,4,218);
INSERT INTO rule(ruleid,lhs,txt)VALUES(240,231,'eidlist ::= nm collate sortorder');
INSERT INTO rulerhs(ruleid,pos,sym)VALUES(240,0,192);
INSERT INTO rulerhs(ruleid,pos,sym)VALUES(240,1,281);
INSERT INTO rulerhs(ruleid,pos,sym)VALUES(240,2,218);
INSERT INTO rule(ruleid,lhs,txt)VALUES(241,281,'collate ::=');
INSERT INTO rule(ruleid,lhs,txt)VALUES(242,281,'collate ::= COLLATE ID|STRING');
INSERT INTO rulerhs(ruleid,pos,sym)VALUES(242,0,112);
INSERT INTO rulerhs(ruleid,pos,sym)VALUES(242,1,59);
INSERT INTO rulerhs(ruleid,pos,sym)VALUES(242,1,116);
INSERT INTO rule(ruleid,lhs,txt)VALUES(243,189,'cmd ::= DROP INDEX ifexists fullname');
INSERT INTO rulerhs(ruleid,pos,sym)VALUES(243,0,132);
INSERT INTO rulerhs(ruleid,pos,sym)VALUES(243,1,160);
INSERT INTO rulerhs(ruleid,pos,sym)VALUES(243,2,236);
INSERT INTO rulerhs(ruleid,pos,sym)VALUES(243,3,237);
INSERT INTO rule(ruleid,lhs,txt)VALUES(244,189,'cmd ::= VACUUM vinto');
INSERT INTO rulerhs(ruleid,pos,sym)VALUES(244,0,78);
INSERT INTO rulerhs(ruleid,pos,sym)VALUES(244,1,282);
INSERT INTO rule(ruleid,lhs,txt)VALUES(245,189,'cmd ::= VACUUM nm vinto');
INSERT INTO rulerhs(ruleid,pos,sym)VALUES(245,0,78);
INSERT INTO rulerhs(ruleid,pos,sym)VALUES(245,1,192);
INSERT INTO rulerhs(ruleid,pos,sym)VALUES(245,2,282);
INSERT INTO rule(ruleid,lhs,txt)VALUES(246,282,'vinto ::= INTO expr');
INSERT INTO rulerhs(ruleid,pos,sym)VALUES(246,0,150);
INSERT INTO rulerhs(ruleid,pos,sym)VALUES(246,1,216);
INSERT INTO rule(ruleid,lhs,txt)VALUES(247,282,'vinto ::=');
INSERT INTO rule(ruleid,lhs,txt)VALUES(248,189,'cmd ::= PRAGMA nm dbnm');
INSERT INTO rulerhs(ruleid,pos,sym)VALUES(248,0,70);
INSERT INTO rulerhs(ruleid,pos,sym)VALUES(248,1,192);
INSERT INTO rulerhs(ruleid,pos,sym)VALUES(248,2,199);
INSERT INTO rule(ruleid,lhs,txt)VALUES(249,189,'cmd ::= PRAGMA nm dbnm EQ nmnum');
INSERT INTO rulerhs(ruleid,pos,sym)VALUES(249,0,70);
INSERT INTO rulerhs(ruleid,pos,sym)VALUES(249,1,192);
INSERT INTO rulerhs(ruleid,pos,sym)VALUES(249,2,199);
INSERT INTO rulerhs(ruleid,pos,sym)VALUES(249,3,53);
INSERT INTO rulerhs(ruleid,pos,sym)VALUES(249,4,283);
INSERT INTO rule(ruleid,lhs,txt)VALUES(250,189,'cmd ::= PRAGMA nm dbnm LP nmnum RP');
INSERT INTO rulerhs(ruleid,pos,sym)VALUES(250,0,70);
INSERT INTO rulerhs(ruleid,pos,sym)VALUES(250,1,192);
INSERT INTO rulerhs(ruleid,pos,sym)VALUES(250,2,199);
INSERT INTO rulerhs(ruleid,pos,sym)VALUES(250,3,22);
INSERT INTO rulerhs(ruleid,pos,sym)VALUES(250,4,283);
INSERT INTO rulerhs(ruleid,pos,sym)VALUES(250,5,23);
INSERT INTO rule(ruleid,lhs,txt)VALUES(251,189,'cmd ::= PRAGMA nm dbnm EQ minus_num');
INSERT INTO rulerhs(ruleid,pos,sym)VALUES(251,0,70);
INSERT INTO rulerhs(ruleid,pos,sym)VALUES(251,1,192);
INSERT INTO rulerhs(ruleid,pos,sym)VALUES(251,2,199);
INSERT INTO rulerhs(ruleid,pos,sym)VALUES(251,3,53);
INSERT INTO rulerhs(ruleid,pos,sym)VALUES(251,4,211);
INSERT INTO rule(ruleid,lhs,txt)VALUES(252,189,'cmd ::= PRAGMA nm dbnm LP minus_num RP');
INSERT INTO rulerhs(ruleid,pos,sym)VALUES(252,0,70);
INSERT INTO rulerhs(ruleid,pos,sym)VALUES(252,1,192);
INSERT INTO rulerhs(ruleid,pos,sym)VALUES(252,2,199);
INSERT INTO rulerhs(ruleid,pos,sym)VALUES(252,3,22);
INSERT INTO rulerhs(ruleid,pos,sym)VALUES(252,4,211);
INSERT INTO rulerhs(ruleid,pos,sym)VALUES(252,5,23);
INSERT INTO rule(ruleid,lhs,txt)VALUES(253,210,'plus_num ::= PLUS INTEGER|FLOAT');
INSERT INTO rulerhs(ruleid,pos,sym)VALUES(253,0,106);
INSERT INTO rulerhs(ruleid,pos,sym)VALUES(253,1,154);
INSERT INTO rulerhs(ruleid,pos,sym)VALUES(253,1,152);
INSERT INTO rule(ruleid,lhs,txt)VALUES(254,211,'minus_num ::= MINUS INTEGER|FLOAT');
INSERT INTO rulerhs(ruleid,pos,sym)VALUES(254,0,107);
INSERT INTO rulerhs(ruleid,pos,sym)VALUES(254,1,154);
INSERT INTO rulerhs(ruleid,pos,sym)VALUES(254,1,152);
INSERT INTO rule(ruleid,lhs,txt)VALUES(255,189,'cmd ::= createkw trigger_decl BEGIN trigger_cmd_list END');
INSERT INTO rulerhs(ruleid,pos,sym)VALUES(255,0,196);
INSERT INTO rulerhs(ruleid,pos,sym)VALUES(255,1,284);
INSERT INTO rulerhs(ruleid,pos,sym)VALUES(255,2,5);
INSERT INTO rulerhs(ruleid,pos,sym)VALUES(255,3,285);
INSERT INTO rulerhs(ruleid,pos,sym)VALUES(255,4,11);
INSERT INTO rule(ruleid,lhs,txt)VALUES(256,284,'trigger_decl ::= temp TRIGGER ifnotexists nm dbnm trigger_time trigger_event ON fullname foreach_clause when_clause');
INSERT INTO rulerhs(ruleid,pos,sym)VALUES(256,0,197);
INSERT INTO rulerhs(ruleid,pos,sym)VALUES(256,1,77);
INSERT INTO rulerhs(ruleid,pos,sym)VALUES(256,2,198);
INSERT INTO rulerhs(ruleid,pos,sym)VALUES(256,3,192);
INSERT INTO rulerhs(ruleid,pos,sym)VALUES(256,4,199);
INSERT INTO rulerhs(ruleid,pos,sym)VALUES(256,5,286);
INSERT INTO rulerhs(ruleid,pos,sym)VALUES(256,6,287);
INSERT INTO rulerhs(ruleid,pos,sym)VALUES(256,7,114);
INSERT INTO rulerhs(ruleid,pos,sym)VALUES(256,8,237);
INSERT INTO rulerhs(ruleid,pos,sym)VALUES(256,9,288);
INSERT INTO rulerhs(ruleid,pos,sym)VALUES(256,10,289);
INSERT INTO rule(ruleid,lhs,txt)VALUES(257,286,'trigger_time ::= BEFORE|AFTER');
INSERT INTO rulerhs(ruleid,pos,sym)VALUES(257,0,33);
INSERT INTO rulerhs(ruleid,pos,sym)VALUES(257,0,29);
INSERT INTO rule(ruleid,lhs,txt)VALUES(258,286,'trigger_time ::= INSTEAD OF');
INSERT INTO rulerhs(ruleid,pos,sym)VALUES(258,0,65);
INSERT INTO rulerhs(ruleid,pos,sym)VALUES(258,1,68);
INSERT INTO rule(ruleid,lhs,txt)VALUES(259,286,'trigger_time ::=');
INSERT INTO rule(ruleid,lhs,txt)VALUES(260,287,'trigger_event ::= DELETE|INSERT');
INSERT INTO rulerhs(ruleid,pos,sym)VALUES(260,0,127);
INSERT INTO rulerhs(ruleid,pos,sym)VALUES(260,0,126);
INSERT INTO rule(ruleid,lhs,txt)VALUES(261,287,'trigger_event ::= UPDATE');
INSERT INTO rulerhs(ruleid,pos,sym)VALUES(261,0,128);
INSERT INTO rule(ruleid,lhs,txt)VALUES(262,287,'trigger_event ::= UPDATE OF idlist');
INSERT INTO rulerhs(ruleid,pos,sym)VALUES(262,0,128);
INSERT INTO rulerhs(ruleid,pos,sym)VALUES(262,1,68);
INSERT INTO rulerhs(ruleid,pos,sym)VALUES(262,2,263);
INSERT INTO rule(ruleid,lhs,txt)VALUES(263,289,'when_clause ::=');
INSERT INTO rule(ruleid,lhs,txt)VALUES(264,289,'when_clause ::= WHEN expr');
INSERT INTO rulerhs(ruleid,pos,sym)VALUES(264,0,157);
INSERT INTO rulerhs(ruleid,pos,sym)VALUES(264,1,216);
INSERT INTO rule(ruleid,lhs,txt)VALUES(265,285,'trigger_cmd_list ::= trigger_cmd_list trigger_cmd SEMI');
INSERT INTO rulerhs(ruleid,pos,sym)VALUES(265,0,285);
INSERT INTO rulerhs(ruleid,pos,sym)VALUES(265,1,290);
INSERT INTO rulerhs(ruleid,pos,sym)VALUES(265,2,1);
INSERT INTO rule(ruleid,lhs,txt)VALUES(266,285,'trigger_cmd_list ::= trigger_cmd SEMI');
INSERT INTO rulerhs(ruleid,pos,sym)VALUES(266,0,290);
INSERT INTO rulerhs(ruleid,pos,sym)VALUES(266,1,1);
INSERT INTO rule(ruleid,lhs,txt)VALUES(267,291,'trnm ::= nm DOT nm');
INSERT INTO rulerhs(ruleid,pos,sym)VALUES(267,0,192);
INSERT INTO rulerhs(ruleid,pos,sym)VALUES(267,1,140);
INSERT INTO rulerhs(ruleid,pos,sym)VALUES(267,2,192);
INSERT INTO rule(ruleid,lhs,txt)VALUES(268,292,'tridxby ::= INDEXED BY nm');
INSERT INTO rulerhs(ruleid,pos,sym)VALUES(268,0,115);
INSERT INTO rulerhs(ruleid,pos,sym)VALUES(268,1,34);
INSERT INTO rulerhs(ruleid,pos,sym)VALUES(268,2,192);
INSERT INTO rule(ruleid,lhs,txt)VALUES(269,292,'tridxby ::= NOT INDEXED');
INSERT INTO rulerhs(ruleid,pos,sym)VALUES(269,0,19);
INSERT INTO rulerhs(ruleid,pos,sym)VALUES(269,1,115);
INSERT INTO rule(ruleid,lhs,txt)VALUES(270,290,'trigger_cmd ::= UPDATE orconf trnm tridxby SET setlist from where_opt scanpt');
INSERT INTO rulerhs(ruleid,pos,sym)VALUES(270,0,128);
INSERT INTO rulerhs(ruleid,pos,sym)VALUES(270,1,233);
INSERT INTO rulerhs(ruleid,pos,sym)VALUES(270,2,291);
INSERT INTO rulerhs(ruleid,pos,sym)VALUES(270,3,292);
INSERT INTO rulerhs(ruleid,pos,sym)VALUES(270,4,129);
INSERT INTO rulerhs(ruleid,pos,sym)VALUES(270,5,267);
INSERT INTO rulerhs(ruleid,pos,sym)VALUES(270,6,244);
INSERT INTO rulerhs(ruleid,pos,sym)VALUES(270,7,245);
INSERT INTO rulerhs(ruleid,pos,sym)VALUES(270,8,212);
INSERT INTO rule(ruleid,lhs,txt)VALUES(271,290,'trigger_cmd ::= scanpt insert_cmd INTO trnm idlist_opt select upsert scanpt');
INSERT INTO rulerhs(ruleid,pos,sym)VALUES(271,0,212);
INSERT INTO rulerhs(ruleid,pos,sym)VALUES(271,1,268);
INSERT INTO rulerhs(ruleid,pos,sym)VALUES(271,2,150);
INSERT INTO rulerhs(ruleid,pos,sym)VALUES(271,3,291);
INSERT INTO rulerhs(ruleid,pos,sym)VALUES(271,4,269);
INSERT INTO rulerhs(ruleid,pos,sym)VALUES(271,5,203);
INSERT INTO rulerhs(ruleid,pos,sym)VALUES(271,6,270);
INSERT INTO rulerhs(ruleid,pos,sym)VALUES(271,7,212);
INSERT INTO rule(ruleid,lhs,txt)VALUES(272,290,'trigger_cmd ::= DELETE FROM trnm tridxby where_opt scanpt');
INSERT INTO rulerhs(ruleid,pos,sym)VALUES(272,0,127);
INSERT INTO rulerhs(ruleid,pos,sym)VALUES(272,1,141);
INSERT INTO rulerhs(ruleid,pos,sym)VALUES(272,2,291);
INSERT INTO rulerhs(ruleid,pos,sym)VALUES(272,3,292);
INSERT INTO rulerhs(ruleid,pos,sym)VALUES(272,4,245);
INSERT INTO rulerhs(ruleid,pos,sym)VALUES(272,5,212);
INSERT INTO rule(ruleid,lhs,txt)VALUES(273,290,'trigger_cmd ::= scanpt select scanpt');
INSERT INTO rulerhs(ruleid,pos,sym)VALUES(273,0,212);
INSERT INTO rulerhs(ruleid,pos,sym)VALUES(273,1,203);
INSERT INTO rulerhs(ruleid,pos,sym)VALUES(273,2,212);
INSERT INTO rule(ruleid,lhs,txt)VALUES(274,216,'expr ::= RAISE LP IGNORE RP');
INSERT INTO rulerhs(ruleid,pos,sym)VALUES(274,0,71);
INSERT INTO rulerhs(ruleid,pos,sym)VALUES(274,1,22);
INSERT INTO rulerhs(ruleid,pos,sym)VALUES(274,2,63);
INSERT INTO rulerhs(ruleid,pos,sym)VALUES(274,3,23);
INSERT INTO rule(ruleid,lhs,txt)VALUES(275,216,'expr ::= RAISE LP raisetype COMMA nm RP');
INSERT INTO rulerhs(ruleid,pos,sym)VALUES(275,0,71);
INSERT INTO rulerhs(ruleid,pos,sym)VALUES(275,1,22);
INSERT INTO rulerhs(ruleid,pos,sym)VALUES(275,2,235);
INSERT INTO rulerhs(ruleid,pos,sym)VALUES(275,3,25);
INSERT INTO rulerhs(ruleid,pos,sym)VALUES(275,4,192);
INSERT INTO rulerhs(ruleid,pos,sym)VALUES(275,5,23);
INSERT INTO rule(ruleid,lhs,txt)VALUES(276,235,'raisetype ::= ROLLBACK');
INSERT INTO rulerhs(ruleid,pos,sym)VALUES(276,0,12);
INSERT INTO rule(ruleid,lhs,txt)VALUES(277,235,'raisetype ::= ABORT');
INSERT INTO rulerhs(ruleid,pos,sym)VALUES(277,0,27);
INSERT INTO rule(ruleid,lhs,txt)VALUES(278,235,'raisetype ::= FAIL');
INSERT INTO rulerhs(ruleid,pos,sym)VALUES(278,0,42);
INSERT INTO rule(ruleid,lhs,txt)VALUES(279,189,'cmd ::= DROP TRIGGER ifexists fullname');
INSERT INTO rulerhs(ruleid,pos,sym)VALUES(279,0,132);
INSERT INTO rulerhs(ruleid,pos,sym)VALUES(279,1,77);
INSERT INTO rulerhs(ruleid,pos,sym)VALUES(279,2,236);
INSERT INTO rulerhs(ruleid,pos,sym)VALUES(279,3,237);
INSERT INTO rule(ruleid,lhs,txt)VALUES(280,189,'cmd ::= ATTACH database_kw_opt expr AS expr key_opt');
INSERT INTO rulerhs(ruleid,pos,sym)VALUES(280,0,32);
INSERT INTO rulerhs(ruleid,pos,sym)VALUES(280,1,293);
INSERT INTO rulerhs(ruleid,pos,sym)VALUES(280,2,216);
INSERT INTO rulerhs(ruleid,pos,sym)VALUES(280,3,24);
INSERT INTO rulerhs(ruleid,pos,sym)VALUES(280,4,216);
INSERT INTO rulerhs(ruleid,pos,sym)VALUES(280,5,294);
INSERT INTO rule(ruleid,lhs,txt)VALUES(281,189,'cmd ::= DETACH database_kw_opt expr');
INSERT INTO rulerhs(ruleid,pos,sym)VALUES(281,0,40);
INSERT INTO rulerhs(ruleid,pos,sym)VALUES(281,1,293);
INSERT INTO rulerhs(ruleid,pos,sym)VALUES(281,2,216);
INSERT INTO rule(ruleid,lhs,txt)VALUES(282,294,'key_opt ::=');
INSERT INTO rule(ruleid,lhs,txt)VALUES(283,294,'key_opt ::= KEY expr');
INSERT INTO rulerhs(ruleid,pos,sym)VALUES(283,0,67);
INSERT INTO rulerhs(ruleid,pos,sym)VALUES(283,1,216);
INSERT INTO rule(ruleid,lhs,txt)VALUES(284,189,'cmd ::= REINDEX');
INSERT INTO rulerhs(ruleid,pos,sym)VALUES(284,0,98);
INSERT INTO rule(ruleid,lhs,txt)VALUES(285,189,'cmd ::= REINDEX nm dbnm');
INSERT INTO rulerhs(ruleid,pos,sym)VALUES(285,0,98);
INSERT INTO rulerhs(ruleid,pos,sym)VALUES(285,1,192);
INSERT INTO rulerhs(ruleid,pos,sym)VALUES(285,2,199);
INSERT INTO rule(ruleid,lhs,txt)VALUES(286,189,'cmd ::= ANALYZE');
INSERT INTO rulerhs(ruleid,pos,sym)VALUES(286,0,30);
INSERT INTO rule(ruleid,lhs,txt)VALUES(287,189,'cmd ::= ANALYZE nm dbnm');
INSERT INTO rulerhs(ruleid,pos,sym)VALUES(287,0,30);
INSERT INTO rulerhs(ruleid,pos,sym)VALUES(287,1,192);
INSERT INTO rulerhs(ruleid,pos,sym)VALUES(287,2,199);
INSERT INTO rule(ruleid,lhs,txt)VALUES(288,189,'cmd ::= ALTER TABLE fullname RENAME TO nm');
INSERT INTO rulerhs(ruleid,pos,sym)VALUES(288,0,161);
INSERT INTO rulerhs(ruleid,pos,sym)VALUES(288,1,16);
INSERT INTO rulerhs(ruleid,pos,sym)VALUES(288,2,237);
INSERT INTO rulerhs(ruleid,pos,sym)VALUES(288,3,99);
INSERT INTO rulerhs(ruleid,pos,sym)VALUES(288,4,15);
INSERT INTO rulerhs(ruleid,pos,sym)VALUES(288,5,192);
INSERT INTO rule(ruleid,lhs,txt)VALUES(289,189,'cmd ::= ALTER TABLE add_column_fullname ADD kwcolumn_opt columnname carglist');
INSERT INTO rulerhs(ruleid,pos,sym)VALUES(289,0,161);
INSERT INTO rulerhs(ruleid,pos,sym)VALUES(289,1,16);
INSERT INTO rulerhs(ruleid,pos,sym)VALUES(289,2,295);
INSERT INTO rulerhs(ruleid,pos,sym)VALUES(289,3,162);
INSERT INTO rulerhs(ruleid,pos,sym)VALUES(289,4,296);
INSERT INTO rulerhs(ruleid,pos,sym)VALUES(289,5,205);
INSERT INTO rulerhs(ruleid,pos,sym)VALUES(289,6,206);
INSERT INTO rule(ruleid,lhs,txt)VALUES(290,189,'cmd ::= ALTER TABLE fullname DROP kwcolumn_opt nm');
INSERT INTO rulerhs(ruleid,pos,sym)VALUES(290,0,161);
INSERT INTO rulerhs(ruleid,pos,sym)VALUES(290,1,16);
INSERT INTO rulerhs(ruleid,pos,sym)VALUES(290,2,237);
INSERT INTO rulerhs(ruleid,pos,sym)VALUES(290,3,132);
INSERT INTO rulerhs(ruleid,pos,sym)VALUES(290,4,296);
INSERT INTO rulerhs(ruleid,pos,sym)VALUES(290,5,192);
INSERT INTO rule(ruleid,lhs,txt)VALUES(291,295,'add_column_fullname ::= fullname');
INSERT INTO rulerhs(ruleid,pos,sym)VALUES(291,0,237);
INSERT INTO rule(ruleid,lhs,txt)VALUES(292,189,'cmd ::= ALTER TABLE fullname RENAME kwcolumn_opt nm TO nm');
INSERT INTO rulerhs(ruleid,pos,sym)VALUES(292,0,161);
INSERT INTO rulerhs(ruleid,pos,sym)VALUES(292,1,16);
INSERT INTO rulerhs(ruleid,pos,sym)VALUES(292,2,237);
INSERT INTO rulerhs(ruleid,pos,sym)VALUES(292,3,99);
INSERT INTO rulerhs(ruleid,pos,sym)VALUES(292,4,296);
INSERT INTO rulerhs(ruleid,pos,sym)VALUES(292,5,192);
INSERT INTO rulerhs(ruleid,pos,sym)VALUES(292,6,15);
INSERT INTO rulerhs(ruleid,pos,sym)VALUES(292,7,192);
INSERT INTO rule(ruleid,lhs,txt)VALUES(293,189,'cmd ::= create_vtab');
INSERT INTO rulerhs(ruleid,pos,sym)VALUES(293,0,297);
INSERT INTO rule(ruleid,lhs,txt)VALUES(294,189,'cmd ::= create_vtab LP vtabarglist RP');
INSERT INTO rulerhs(ruleid,pos,sym)VALUES(294,0,297);
INSERT INTO rulerhs(ruleid,pos,sym)VALUES(294,1,22);
INSERT INTO rulerhs(ruleid,pos,sym)VALUES(294,2,298);
INSERT INTO rulerhs(ruleid,pos,sym)VALUES(294,3,23);
INSERT INTO rule(ruleid,lhs,txt)VALUES(295,297,'create_vtab ::= createkw VIRTUAL TABLE ifnotexists nm dbnm USING nm');
INSERT INTO rulerhs(ruleid,pos,sym)VALUES(295,0,196);
INSERT INTO rulerhs(ruleid,pos,sym)VALUES(295,1,80);
INSERT INTO rulerhs(ruleid,pos,sym)VALUES(295,2,16);
INSERT INTO rulerhs(ruleid,pos,sym)VALUES(295,3,198);
INSERT INTO rulerhs(ruleid,pos,sym)VALUES(295,4,192);
INSERT INTO rulerhs(ruleid,pos,sym)VALUES(295,5,199);
INSERT INTO rulerhs(ruleid,pos,sym)VALUES(295,6,143);
INSERT INTO rulerhs(ruleid,pos,sym)VALUES(295,7,192);
INSERT INTO rule(ruleid,lhs,txt)VALUES(296,299,'vtabarg ::=');
INSERT INTO rule(ruleid,lhs,txt)VALUES(297,300,'vtabargtoken ::= ANY');
INSERT INTO rulerhs(ruleid,pos,sym)VALUES(297,0,101);
INSERT INTO rule(ruleid,lhs,txt)VALUES(298,300,'vtabargtoken ::= lp anylist RP');
INSERT INTO rulerhs(ruleid,pos,sym)VALUES(298,0,301);
INSERT INTO rulerhs(ruleid,pos,sym)VALUES(298,1,302);
INSERT INTO rulerhs(ruleid,pos,sym)VALUES(298,2,23);
INSERT INTO rule(ruleid,lhs,txt)VALUES(299,301,'lp ::= LP');
INSERT INTO rulerhs(ruleid,pos,sym)VALUES(299,0,22);
INSERT INTO rule(ruleid,lhs,txt)VALUES(300,265,'with ::= WITH wqlist');
INSERT INTO rulerhs(ruleid,pos,sym)VALUES(300,0,81);
INSERT INTO rulerhs(ruleid,pos,sym)VALUES(300,1,240);
INSERT INTO rule(ruleid,lhs,txt)VALUES(301,265,'with ::= WITH RECURSIVE wqlist');
INSERT INTO rulerhs(ruleid,pos,sym)VALUES(301,0,81);
INSERT INTO rulerhs(ruleid,pos,sym)VALUES(301,1,72);
INSERT INTO rulerhs(ruleid,pos,sym)VALUES(301,2,240);
INSERT INTO rule(ruleid,lhs,txt)VALUES(302,304,'wqas ::= AS');
INSERT INTO rulerhs(ruleid,pos,sym)VALUES(302,0,24);
INSERT INTO rule(ruleid,lhs,txt)VALUES(303,304,'wqas ::= AS MATERIALIZED');
INSERT INTO rulerhs(ruleid,pos,sym)VALUES(303,0,24);
INSERT INTO rulerhs(ruleid,pos,sym)VALUES(303,1,97);
INSERT INTO rule(ruleid,lhs,txt)VALUES(304,304,'wqas ::= AS NOT MATERIALIZED');
INSERT INTO rulerhs(ruleid,pos,sym)VALUES(304,0,24);
INSERT INTO rulerhs(ruleid,pos,sym)VALUES(304,1,19);
INSERT INTO rulerhs(ruleid,pos,sym)VALUES(304,2,97);
INSERT INTO rule(ruleid,lhs,txt)VALUES(305,303,'wqitem ::= nm eidlist_opt wqas LP select RP');
INSERT INTO rulerhs(ruleid,pos,sym)VALUES(305,0,192);
INSERT INTO rulerhs(ruleid,pos,sym)VALUES(305,1,220);
INSERT INTO rulerhs(ruleid,pos,sym)VALUES(305,2,304);
INSERT INTO rulerhs(ruleid,pos,sym)VALUES(305,3,22);
INSERT INTO rulerhs(ruleid,pos,sym)VALUES(305,4,203);
INSERT INTO rulerhs(ruleid,pos,sym)VALUES(305,5,23);
INSERT INTO rule(ruleid,lhs,txt)VALUES(306,240,'wqlist ::= wqitem');
INSERT INTO rulerhs(ruleid,pos,sym)VALUES(306,0,303);
INSERT INTO rule(ruleid,lhs,txt)VALUES(307,240,'wqlist ::= wqlist COMMA wqitem');
INSERT INTO rulerhs(ruleid,pos,sym)VALUES(307,0,240);
INSERT INTO rulerhs(ruleid,pos,sym)VALUES(307,1,25);
INSERT INTO rulerhs(ruleid,pos,sym)VALUES(307,2,303);
INSERT INTO rule(ruleid,lhs,txt)VALUES(308,305,'windowdefn_list ::= windowdefn');
INSERT INTO rulerhs(ruleid,pos,sym)VALUES(308,0,306);
INSERT INTO rule(ruleid,lhs,txt)VALUES(309,305,'windowdefn_list ::= windowdefn_list COMMA windowdefn');
INSERT INTO rulerhs(ruleid,pos,sym)VALUES(309,0,305);
INSERT INTO rulerhs(ruleid,pos,sym)VALUES(309,1,25);
INSERT INTO rulerhs(ruleid,pos,sym)VALUES(309,2,306);
INSERT INTO rule(ruleid,lhs,txt)VALUES(310,306,'windowdefn ::= nm AS LP window RP');
INSERT INTO rulerhs(ruleid,pos,sym)VALUES(310,0,192);
INSERT INTO rulerhs(ruleid,pos,sym)VALUES(310,1,24);
INSERT INTO rulerhs(ruleid,pos,sym)VALUES(310,2,22);
INSERT INTO rulerhs(ruleid,pos,sym)VALUES(310,3,307);
INSERT INTO rulerhs(ruleid,pos,sym)VALUES(310,4,23);
INSERT INTO rule(ruleid,lhs,txt)VALUES(311,307,'window ::= PARTITION BY nexprlist orderby_opt frame_opt');
INSERT INTO rulerhs(ruleid,pos,sym)VALUES(311,0,87);
INSERT INTO rulerhs(ruleid,pos,sym)VALUES(311,1,34);
INSERT INTO rulerhs(ruleid,pos,sym)VALUES(311,2,252);
INSERT INTO rulerhs(ruleid,pos,sym)VALUES(311,3,248);
INSERT INTO rulerhs(ruleid,pos,sym)VALUES(311,4,308);
INSERT INTO rule(ruleid,lhs,txt)VALUES(312,307,'window ::= nm PARTITION BY nexprlist orderby_opt frame_opt');
INSERT INTO rulerhs(ruleid,pos,sym)VALUES(312,0,192);
INSERT INTO rulerhs(ruleid,pos,sym)VALUES(312,1,87);
INSERT INTO rulerhs(ruleid,pos,sym)VALUES(312,2,34);
INSERT INTO rulerhs(ruleid,pos,sym)VALUES(312,3,252);
INSERT INTO rulerhs(ruleid,pos,sym)VALUES(312,4,248);
INSERT INTO rulerhs(ruleid,pos,sym)VALUES(312,5,308);
INSERT INTO rule(ruleid,lhs,txt)VALUES(313,307,'window ::= ORDER BY sortlist frame_opt');
INSERT INTO rulerhs(ruleid,pos,sym)VALUES(313,0,144);
INSERT INTO rulerhs(ruleid,pos,sym)VALUES(313,1,34);
INSERT INTO rulerhs(ruleid,pos,sym)VALUES(313,2,230);
INSERT INTO rulerhs(ruleid,pos,sym)VALUES(313,3,308);
INSERT INTO rule(ruleid,lhs,txt)VALUES(314,307,'window ::= nm ORDER BY sortlist frame_opt');
INSERT INTO rulerhs(ruleid,pos,sym)VALUES(314,0,192);
INSERT INTO rulerhs(ruleid,pos,sym)VALUES(314,1,144);
INSERT INTO rulerhs(ruleid,pos,sym)VALUES(314,2,34);
INSERT INTO rulerhs(ruleid,pos,sym)VALUES(314,3,230);
INSERT INTO rulerhs(ruleid,pos,sym)VALUES(314,4,308);
INSERT INTO rule(ruleid,lhs,txt)VALUES(315,307,'window ::= frame_opt');
INSERT INTO rulerhs(ruleid,pos,sym)VALUES(315,0,308);
INSERT INTO rule(ruleid,lhs,txt)VALUES(316,307,'window ::= nm frame_opt');
INSERT INTO rulerhs(ruleid,pos,sym)VALUES(316,0,192);
INSERT INTO rulerhs(ruleid,pos,sym)VALUES(316,1,308);
INSERT INTO rule(ruleid,lhs,txt)VALUES(317,308,'frame_opt ::=');
INSERT INTO rule(ruleid,lhs,txt)VALUES(318,308,'frame_opt ::= range_or_rows frame_bound_s frame_exclude_opt');
INSERT INTO rulerhs(ruleid,pos,sym)VALUES(318,0,312);
INSERT INTO rulerhs(ruleid,pos,sym)VALUES(318,1,314);
INSERT INTO rulerhs(ruleid,pos,sym)VALUES(318,2,316);
INSERT INTO rule(ruleid,lhs,txt)VALUES(319,308,'frame_opt ::= range_or_rows BETWEEN frame_bound_s AND frame_bound_e frame_exclude_opt');
INSERT INTO rulerhs(ruleid,pos,sym)VALUES(319,0,312);
INSERT INTO rulerhs(ruleid,pos,sym)VALUES(319,1,47);
INSERT INTO rulerhs(ruleid,pos,sym)VALUES(319,2,314);
INSERT INTO rulerhs(ruleid,pos,sym)VALUES(319,3,44);
INSERT INTO rulerhs(ruleid,pos,sym)VALUES(319,4,315);
INSERT INTO rulerhs(ruleid,pos,sym)VALUES(319,5,316);
INSERT INTO rule(ruleid,lhs,txt)VALUES(320,312,'range_or_rows ::= RANGE|ROWS|GROUPS');
INSERT INTO rulerhs(ruleid,pos,sym)VALUES(320,0,89);
INSERT INTO rulerhs(ruleid,pos,sym)VALUES(320,0,76);
INSERT INTO rulerhs(ruleid,pos,sym)VALUES(320,0,92);
INSERT INTO rule(ruleid,lhs,txt)VALUES(321,314,'frame_bound_s ::= frame_bound');
INSERT INTO rulerhs(ruleid,pos,sym)VALUES(321,0,313);
INSERT INTO rule(ruleid,lhs,txt)VALUES(322,314,'frame_bound_s ::= UNBOUNDED PRECEDING');
INSERT INTO rulerhs(ruleid,pos,sym)VALUES(322,0,90);
INSERT INTO rulerhs(ruleid,pos,sym)VALUES(322,1,88);
INSERT INTO rule(ruleid,lhs,txt)VALUES(323,315,'frame_bound_e ::= frame_bound');
INSERT INTO rulerhs(ruleid,pos,sym)VALUES(323,0,313);
INSERT INTO rule(ruleid,lhs,txt)VALUES(324,315,'frame_bound_e ::= UNBOUNDED FOLLOWING');
INSERT INTO rulerhs(ruleid,pos,sym)VALUES(324,0,90);
INSERT INTO rulerhs(ruleid,pos,sym)VALUES(324,1,86);
INSERT INTO rule(ruleid,lhs,txt)VALUES(325,313,'frame_bound ::= expr PRECEDING|FOLLOWING');
INSERT INTO rulerhs(ruleid,pos,sym)VALUES(325,0,216);
INSERT INTO rulerhs(ruleid,pos,sym)VALUES(325,1,88);
INSERT INTO rulerhs(ruleid,pos,sym)VALUES(325,1,86);
INSERT INTO rule(ruleid,lhs,txt)VALUES(326,313,'frame_bound ::= CURRENT ROW');
INSERT INTO rulerhs(ruleid,pos,sym)VALUES(326,0,85);
INSERT INTO rulerhs(ruleid,pos,sym)VALUES(326,1,75);
INSERT INTO rule(ruleid,lhs,txt)VALUES(327,316,'frame_exclude_opt ::=');
INSERT INTO rule(ruleid,lhs,txt)VALUES(328,316,'frame_exclude_opt ::= EXCLUDE frame_exclude');
INSERT INTO rulerhs(ruleid,pos,sym)VALUES(328,0,91);
INSERT INTO rulerhs(ruleid,pos,sym)VALUES(328,1,317);
INSERT INTO rule(ruleid,lhs,txt)VALUES(329,317,'frame_exclude ::= NO OTHERS');
INSERT INTO rulerhs(ruleid,pos,sym)VALUES(329,0,66);
INSERT INTO rulerhs(ruleid,pos,sym)VALUES(329,1,93);
INSERT INTO rule(ruleid,lhs,txt)VALUES(330,317,'frame_exclude ::= CURRENT ROW');
INSERT INTO rulerhs(ruleid,pos,sym)VALUES(330,0,85);
INSERT INTO rulerhs(ruleid,pos,sym)VALUES(330,1,75);
INSERT INTO rule(ruleid,lhs,txt)VALUES(331,317,'frame_exclude ::= GROUP|TIES');
INSERT INTO rulerhs(ruleid,pos,sym)VALUES(331,0,145);
INSERT INTO rulerhs(ruleid,pos,sym)VALUES(331,0,94);
INSERT INTO rule(ruleid,lhs,txt)VALUES(332,250,'window_clause ::= WINDOW windowdefn_list');
INSERT INTO rulerhs(ruleid,pos,sym)VALUES(332,0,163);
INSERT INTO rulerhs(ruleid,pos,sym)VALUES(332,1,305);
INSERT INTO rule(ruleid,lhs,txt)VALUES(333,272,'filter_over ::= filter_clause over_clause');
INSERT INTO rulerhs(ruleid,pos,sym)VALUES(333,0,310);
INSERT INTO rulerhs(ruleid,pos,sym)VALUES(333,1,311);
INSERT INTO rule(ruleid,lhs,txt)VALUES(334,272,'filter_over ::= over_clause');
INSERT INTO rulerhs(ruleid,pos,sym)VALUES(334,0,311);
INSERT INTO rule(ruleid,lhs,txt)VALUES(335,272,'filter_over ::= filter_clause');
INSERT INTO rulerhs(ruleid,pos,sym)VALUES(335,0,310);
INSERT INTO rule(ruleid,lhs,txt)VALUES(336,311,'over_clause ::= OVER LP window RP');
INSERT INTO rulerhs(ruleid,pos,sym)VALUES(336,0,164);
INSERT INTO rulerhs(ruleid,pos,sym)VALUES(336,1,22);
INSERT INTO rulerhs(ruleid,pos,sym)VALUES(336,2,307);
INSERT INTO rulerhs(ruleid,pos,sym)VALUES(336,3,23);
INSERT INTO rule(ruleid,lhs,txt)VALUES(337,311,'over_clause ::= OVER nm');
INSERT INTO rulerhs(ruleid,pos,sym)VALUES(337,0,164);
INSERT INTO rulerhs(ruleid,pos,sym)VALUES(337,1,192);
INSERT INTO rule(ruleid,lhs,txt)VALUES(338,310,'filter_clause ::= FILTER LP WHERE expr RP');
INSERT INTO rulerhs(ruleid,pos,sym)VALUES(338,0,165);
INSERT INTO rulerhs(ruleid,pos,sym)VALUES(338,1,22);
INSERT INTO rulerhs(ruleid,pos,sym)VALUES(338,2,148);
INSERT INTO rulerhs(ruleid,pos,sym)VALUES(338,3,216);
INSERT INTO rulerhs(ruleid,pos,sym)VALUES(338,4,23);
INSERT INTO rule(ruleid,lhs,txt)VALUES(339,184,'input ::= cmdlist');
INSERT INTO rulerhs(ruleid,pos,sym)VALUES(339,0,185);
INSERT INTO rule(ruleid,lhs,txt)VALUES(340,185,'cmdlist ::= cmdlist ecmd');
INSERT INTO rulerhs(ruleid,pos,sym)VALUES(340,0,185);
INSERT INTO rulerhs(ruleid,pos,sym)VALUES(340,1,186);
INSERT INTO rule(ruleid,lhs,txt)VALUES(341,185,'cmdlist ::= ecmd');
INSERT INTO rulerhs(ruleid,pos,sym)VALUES(341,0,186);
INSERT INTO rule(ruleid,lhs,txt)VALUES(342,186,'ecmd ::= SEMI');
INSERT INTO rulerhs(ruleid,pos,sym)VALUES(342,0,1);
INSERT INTO rule(ruleid,lhs,txt)VALUES(343,186,'ecmd ::= cmdx SEMI');
INSERT INTO rulerhs(ruleid,pos,sym)VALUES(343,0,187);
INSERT INTO rulerhs(ruleid,pos,sym)VALUES(343,1,1);
INSERT INTO rule(ruleid,lhs,txt)VALUES(344,186,'ecmd ::= explain cmdx SEMI');
INSERT INTO rulerhs(ruleid,pos,sym)VALUES(344,0,188);
INSERT INTO rulerhs(ruleid,pos,sym)VALUES(344,1,187);
INSERT INTO rulerhs(ruleid,pos,sym)VALUES(344,2,1);
INSERT INTO rule(ruleid,lhs,txt)VALUES(345,191,'trans_opt ::=');
INSERT INTO rule(ruleid,lhs,txt)VALUES(346,191,'trans_opt ::= TRANSACTION');
INSERT INTO rulerhs(ruleid,pos,sym)VALUES(346,0,6);
INSERT INTO rule(ruleid,lhs,txt)VALUES(347,191,'trans_opt ::= TRANSACTION nm');
INSERT INTO rulerhs(ruleid,pos,sym)VALUES(347,0,6);
INSERT INTO rulerhs(ruleid,pos,sym)VALUES(347,1,192);
INSERT INTO rule(ruleid,lhs,txt)VALUES(348,193,'savepoint_opt ::= SAVEPOINT');
INSERT INTO rulerhs(ruleid,pos,sym)VALUES(348,0,13);
INSERT INTO rule(ruleid,lhs,txt)VALUES(349,193,'savepoint_opt ::=');
INSERT INTO rule(ruleid,lhs,txt)VALUES(350,189,'cmd ::= create_table create_table_args');
INSERT INTO rulerhs(ruleid,pos,sym)VALUES(350,0,194);
INSERT INTO rulerhs(ruleid,pos,sym)VALUES(350,1,195);
INSERT INTO rule(ruleid,lhs,txt)VALUES(351,202,'table_option_set ::= table_option');
INSERT INTO rulerhs(ruleid,pos,sym)VALUES(351,0,204);
INSERT INTO rule(ruleid,lhs,txt)VALUES(352,200,'columnlist ::= columnlist COMMA columnname carglist');
INSERT INTO rulerhs(ruleid,pos,sym)VALUES(352,0,200);
INSERT INTO rulerhs(ruleid,pos,sym)VALUES(352,1,25);
INSERT INTO rulerhs(ruleid,pos,sym)VALUES(352,2,205);
INSERT INTO rulerhs(ruleid,pos,sym)VALUES(352,3,206);
INSERT INTO rule(ruleid,lhs,txt)VALUES(353,200,'columnlist ::= columnname carglist');
INSERT INTO rulerhs(ruleid,pos,sym)VALUES(353,0,205);
INSERT INTO rulerhs(ruleid,pos,sym)VALUES(353,1,206);
INSERT INTO rule(ruleid,lhs,txt)VALUES(354,192,'nm ::= ID|INDEXED');
INSERT INTO rulerhs(ruleid,pos,sym)VALUES(354,0,59);
INSERT INTO rulerhs(ruleid,pos,sym)VALUES(354,0,115);
INSERT INTO rule(ruleid,lhs,txt)VALUES(355,192,'nm ::= STRING');
INSERT INTO rulerhs(ruleid,pos,sym)VALUES(355,0,116);
INSERT INTO rule(ruleid,lhs,txt)VALUES(356,192,'nm ::= JOIN_KW');
INSERT INTO rulerhs(ruleid,pos,sym)VALUES(356,0,117);
INSERT INTO rule(ruleid,lhs,txt)VALUES(357,207,'typetoken ::= typename');
INSERT INTO rulerhs(ruleid,pos,sym)VALUES(357,0,208);
INSERT INTO rule(ruleid,lhs,txt)VALUES(358,208,'typename ::= ID|STRING');
INSERT INTO rulerhs(ruleid,pos,sym)VALUES(358,0,59);
INSERT INTO rulerhs(ruleid,pos,sym)VALUES(358,0,116);
INSERT INTO rule(ruleid,lhs,txt)VALUES(359,209,'signed ::= plus_num');
INSERT INTO rulerhs(ruleid,pos,sym)VALUES(359,0,210);
INSERT INTO rule(ruleid,lhs,txt)VALUES(360,209,'signed ::= minus_num');
INSERT INTO rulerhs(ruleid,pos,sym)VALUES(360,0,211);
INSERT INTO rule(ruleid,lhs,txt)VALUES(361,206,'carglist ::= carglist ccons');
INSERT INTO rulerhs(ruleid,pos,sym)VALUES(361,0,206);
INSERT INTO rulerhs(ruleid,pos,sym)VALUES(361,1,214);
INSERT INTO rule(ruleid,lhs,txt)VALUES(362,206,'carglist ::=');
INSERT INTO rule(ruleid,lhs,txt)VALUES(363,214,'ccons ::= NULL onconf');
INSERT INTO rulerhs(ruleid,pos,sym)VALUES(363,0,120);
INSERT INTO rulerhs(ruleid,pos,sym)VALUES(363,1,217);
INSERT INTO rule(ruleid,lhs,txt)VALUES(364,214,'ccons ::= GENERATED ALWAYS AS generated');
INSERT INTO rulerhs(ruleid,pos,sym)VALUES(364,0,95);
INSERT INTO rulerhs(ruleid,pos,sym)VALUES(364,1,96);
INSERT INTO rulerhs(ruleid,pos,sym)VALUES(364,2,24);
INSERT INTO rulerhs(ruleid,pos,sym)VALUES(364,3,223);
INSERT INTO rule(ruleid,lhs,txt)VALUES(365,214,'ccons ::= AS generated');
INSERT INTO rulerhs(ruleid,pos,sym)VALUES(365,0,24);
INSERT INTO rulerhs(ruleid,pos,sym)VALUES(365,1,223);
INSERT INTO rule(ruleid,lhs,txt)VALUES(366,201,'conslist_opt ::= COMMA conslist');
INSERT INTO rulerhs(ruleid,pos,sym)VALUES(366,0,25);
INSERT INTO rulerhs(ruleid,pos,sym)VALUES(366,1,227);
INSERT INTO rule(ruleid,lhs,txt)VALUES(367,227,'conslist ::= conslist tconscomma tcons');
INSERT INTO rulerhs(ruleid,pos,sym)VALUES(367,0,227);
INSERT INTO rulerhs(ruleid,pos,sym)VALUES(367,1,228);
INSERT INTO rulerhs(ruleid,pos,sym)VALUES(367,2,229);
INSERT INTO rule(ruleid,lhs,txt)VALUES(368,227,'conslist ::= tcons');
INSERT INTO rulerhs(ruleid,pos,sym)VALUES(368,0,229);
INSERT INTO rule(ruleid,lhs,txt)VALUES(369,228,'tconscomma ::=');
INSERT INTO rule(ruleid,lhs,txt)VALUES(370,232,'defer_subclause_opt ::= defer_subclause');
INSERT INTO rulerhs(ruleid,pos,sym)VALUES(370,0,222);
INSERT INTO rule(ruleid,lhs,txt)VALUES(371,234,'resolvetype ::= raisetype');
INSERT INTO rulerhs(ruleid,pos,sym)VALUES(371,0,235);
INSERT INTO rule(ruleid,lhs,txt)VALUES(372,238,'selectnowith ::= oneselect');
INSERT INTO rulerhs(ruleid,pos,sym)VALUES(372,0,239);
INSERT INTO rule(ruleid,lhs,txt)VALUES(373,239,'oneselect ::= values');
INSERT INTO rulerhs(ruleid,pos,sym)VALUES(373,0,251);
INSERT INTO rule(ruleid,lhs,txt)VALUES(374,253,'sclp ::= selcollist COMMA');
INSERT INTO rulerhs(ruleid,pos,sym)VALUES(374,0,243);
INSERT INTO rulerhs(ruleid,pos,sym)VALUES(374,1,25);
INSERT INTO rule(ruleid,lhs,txt)VALUES(375,254,'as ::= ID|STRING');
INSERT INTO rulerhs(ruleid,pos,sym)VALUES(375,0,59);
INSERT INTO rulerhs(ruleid,pos,sym)VALUES(375,0,116);
INSERT INTO rule(ruleid,lhs,txt)VALUES(376,271,'returning ::=');
INSERT INTO rule(ruleid,lhs,txt)VALUES(377,216,'expr ::= term');
INSERT INTO rulerhs(ruleid,pos,sym)VALUES(377,0,215);
INSERT INTO rule(ruleid,lhs,txt)VALUES(378,273,'likeop ::= LIKE_KW|MATCH');
INSERT INTO rulerhs(ruleid,pos,sym)VALUES(378,0,46);
INSERT INTO rulerhs(ruleid,pos,sym)VALUES(378,0,45);
INSERT INTO rule(ruleid,lhs,txt)VALUES(379,261,'exprlist ::= nexprlist');
INSERT INTO rulerhs(ruleid,pos,sym)VALUES(379,0,252);
INSERT INTO rule(ruleid,lhs,txt)VALUES(380,283,'nmnum ::= plus_num');
INSERT INTO rulerhs(ruleid,pos,sym)VALUES(380,0,210);
INSERT INTO rule(ruleid,lhs,txt)VALUES(381,283,'nmnum ::= nm');
INSERT INTO rulerhs(ruleid,pos,sym)VALUES(381,0,192);
INSERT INTO rule(ruleid,lhs,txt)VALUES(382,283,'nmnum ::= ON');
INSERT INTO rulerhs(ruleid,pos,sym)VALUES(382,0,114);
INSERT INTO rule(ruleid,lhs,txt)VALUES(383,283,'nmnum ::= DELETE');
INSERT INTO rulerhs(ruleid,pos,sym)VALUES(383,0,127);
INSERT INTO rule(ruleid,lhs,txt)VALUES(384,283,'nmnum ::= DEFAULT');
INSERT INTO rulerhs(ruleid,pos,sym)VALUES(384,0,119);
INSERT INTO rule(ruleid,lhs,txt)VALUES(385,210,'plus_num ::= INTEGER|FLOAT');
INSERT INTO rulerhs(ruleid,pos,sym)VALUES(385,0,154);
INSERT INTO rulerhs(ruleid,pos,sym)VALUES(385,0,152);
INSERT INTO rule(ruleid,lhs,txt)VALUES(386,288,'foreach_clause ::=');
INSERT INTO rule(ruleid,lhs,txt)VALUES(387,288,'foreach_clause ::= FOR EACH ROW');
INSERT INTO rulerhs(ruleid,pos,sym)VALUES(387,0,62);
INSERT INTO rulerhs(ruleid,pos,sym)VALUES(387,1,41);
INSERT INTO rulerhs(ruleid,pos,sym)VALUES(387,2,75);
INSERT INTO rule(ruleid,lhs,txt)VALUES(388,291,'trnm ::= nm');
INSERT INTO rulerhs(ruleid,pos,sym)VALUES(388,0,192);
INSERT INTO rule(ruleid,lhs,txt)VALUES(389,292,'tridxby ::=');
INSERT INTO rule(ruleid,lhs,txt)VALUES(390,293,'database_kw_opt ::= DATABASE');
INSERT INTO rulerhs(ruleid,pos,sym)VALUES(390,0,38);
INSERT INTO rule(ruleid,lhs,txt)VALUES(391,293,'database_kw_opt ::=');
INSERT INTO rule(ruleid,lhs,txt)VALUES(392,296,'kwcolumn_opt ::=');
INSERT INTO rule(ruleid,lhs,txt)VALUES(393,296,'kwcolumn_opt ::= COLUMNKW');
INSERT INTO rulerhs(ruleid,pos,sym)VALUES(393,0,60);
INSERT INTO rule(ruleid,lhs,txt)VALUES(394,298,'vtabarglist ::= vtabarg');
INSERT INTO rulerhs(ruleid,pos,sym)VALUES(394,0,299);
INSERT INTO rule(ruleid,lhs,txt)VALUES(395,298,'vtabarglist ::= vtabarglist COMMA vtabarg');
INSERT INTO rulerhs(ruleid,pos,sym)VALUES(395,0,298);
INSERT INTO rulerhs(ruleid,pos,sym)VALUES(395,1,25);
INSERT INTO rulerhs(ruleid,pos,sym)VALUES(395,2,299);
INSERT INTO rule(ruleid,lhs,txt)VALUES(396,299,'vtabarg ::= vtabarg vtabargtoken');
INSERT INTO rulerhs(ruleid,pos,sym)VALUES(396,0,299);
INSERT INTO rulerhs(ruleid,pos,sym)VALUES(396,1,300);
INSERT INTO rule(ruleid,lhs,txt)VALUES(397,302,'anylist ::=');
INSERT INTO rule(ruleid,lhs,txt)VALUES(398,302,'anylist ::= anylist LP anylist RP');
INSERT INTO rulerhs(ruleid,pos,sym)VALUES(398,0,302);
INSERT INTO rulerhs(ruleid,pos,sym)VALUES(398,1,22);
INSERT INTO rulerhs(ruleid,pos,sym)VALUES(398,2,302);
INSERT INTO rulerhs(ruleid,pos,sym)VALUES(398,3,23);
INSERT INTO rule(ruleid,lhs,txt)VALUES(399,302,'anylist ::= anylist ANY');
INSERT INTO rulerhs(ruleid,pos,sym)VALUES(399,0,302);
INSERT INTO rulerhs(ruleid,pos,sym)VALUES(399,1,101);
INSERT INTO rule(ruleid,lhs,txt)VALUES(400,265,'with ::=');
COMMIT;
